new_product_id,current_title,product_type,custom_label_0,price,total_historical_spend,total_historical_revenue,aggregated_roas,old_product_ids_mapped
gla_445559,"Horse Pasture Seed Mix - Transitional Zone Forage (Zones 3-7) - 10 lb, Covers 20,000 sq ft | Nature's Seed",Pasture Seeds > Pasture Seeds Mix > Mix for Horse Forage,pasture,49.99 USD,7037.18,32139.98,4.57,"12621975593523878229, gla_183556, gla_183557, gla_183558, gla_183570, gla_183571, gla_183572, gla_183584, gla_183585, gla_183586, gla_183612, gla_183613, gla_183614, gla_183640, gla_183641, gla_183642, gla_183696, gla_183697, gla_183698, gla_183724, gla_183725, gla_183726, gla_183780, gla_183781, gla_183782, gla_183808, gla_183809, gla_183810, gla_183836, gla_183837, gla_183838, gla_183864, gla_183865, gla_183866, gla_183892, gla_183893, gla_183894, gla_183920, gla_183921, gla_183922, gla_183948, gla_183949, gla_183950, gla_184011, gla_184012, gla_184013, gla_184394, gla_184395, gla_184396, gla_184397, gla_184398, gla_184399, gla_184400, gla_184401, gla_184839, gla_184840, gla_184841, gla_184842, gla_184843, gla_185013, gla_185014, gla_185015, gla_185041, gla_185042, gla_185043, gla_185069, gla_185070, gla_185071, gla_185475, gla_185476, gla_185477, gla_185478, gla_185479, gla_185480, gla_185481, gla_185482, gla_185499, gla_185500, gla_185501, gla_185502, gla_185503, gla_185504, gla_185505, gla_185506, gla_185511, gla_185512, gla_185513, gla_185514, gla_185515, gla_185516, gla_185517, gla_185518, gla_186793, gla_186805, gla_186806, gla_186807, gla_186812, gla_186813, gla_186814, gla_438225, gla_438226, gla_440368, gla_440376, gla_440384, gla_440409, gla_442089, gla_442090, gla_442092, gla_445282, gla_445559, gla_445851, pb-fth, pb-fth-0.5-a, pb-fth-1-a, pb-fth-2.5-a, pb-fts, pb-glal, pb-glb, pb-gldc, pb-glg, pb-glh, pb-glh-0.5-a, pb-glh-1-a, pb-glh-2.5-a, pb-glp, pb-glpb, pb-glpg, pb-glpg-0.5-a, pb-glpg-1-a, pb-glpg-2.5-a, pb-gph, pb-gph-0.5-a, pb-gph-1-a, pb-gph-2.5-a, pb-iwb, pb-iwg, pb-iwh, pb-iwh-0.5-a, pb-iwh-1-a, pb-iwh-2.5-a, pb-iwpb, pb-iwpg, pb-iwpg-0.5-a, pb-iwpg-1-a, pb-iwpg-2.5-a, pb-mwb, pb-mwbc, pb-mwdc, pb-mwg, pb-mwh, pb-mwh-0.5-a, pb-mwh-1-a, pb-mwh-2.5-a, pb-mwpg, pb-mwpg-0.5-a, pb-mwpg-1-a, pb-mwpg-2.5-a"
gla_445282,"Horse Pasture Seed Mix - Transitional Zone Forage (Zones 3-7) - 20 lb, Covers 40,000 sq ft | Nature's Seed",Pasture Seeds > Pasture Seeds Mix > Mix for Horse Forage,pasture,89.99 USD,7037.18,32139.98,4.57,"12621975593523878229, gla_183556, gla_183557, gla_183558, gla_183570, gla_183571, gla_183572, gla_183584, gla_183585, gla_183586, gla_183612, gla_183613, gla_183614, gla_183640, gla_183641, gla_183642, gla_183696, gla_183697, gla_183698, gla_183724, gla_183725, gla_183726, gla_183780, gla_183781, gla_183782, gla_183808, gla_183809, gla_183810, gla_183836, gla_183837, gla_183838, gla_183864, gla_183865, gla_183866, gla_183892, gla_183893, gla_183894, gla_183920, gla_183921, gla_183922, gla_183948, gla_183949, gla_183950, gla_184011, gla_184012, gla_184013, gla_184394, gla_184395, gla_184396, gla_184397, gla_184398, gla_184399, gla_184400, gla_184401, gla_184839, gla_184840, gla_184841, gla_184842, gla_184843, gla_185013, gla_185014, gla_185015, gla_185041, gla_185042, gla_185043, gla_185069, gla_185070, gla_185071, gla_185475, gla_185476, gla_185477, gla_185478, gla_185479, gla_185480, gla_185481, gla_185482, gla_185499, gla_185500, gla_185501, gla_185502, gla_185503, gla_185504, gla_185505, gla_185506, gla_185511, gla_185512, gla_185513, gla_185514, gla_185515, gla_185516, gla_185517, gla_185518, gla_186793, gla_186805, gla_186806, gla_186807, gla_186812, gla_186813, gla_186814, gla_438225, gla_438226, gla_440368, gla_440376, gla_440384, gla_440409, gla_442089, gla_442090, gla_442092, gla_445282, gla_445559, gla_445851, pb-fth, pb-fth-0.5-a, pb-fth-1-a, pb-fth-2.5-a, pb-fts, pb-glal, pb-glb, pb-gldc, pb-glg, pb-glh, pb-glh-0.5-a, pb-glh-1-a, pb-glh-2.5-a, pb-glp, pb-glpb, pb-glpg, pb-glpg-0.5-a, pb-glpg-1-a, pb-glpg-2.5-a, pb-gph, pb-gph-0.5-a, pb-gph-1-a, pb-gph-2.5-a, pb-iwb, pb-iwg, pb-iwh, pb-iwh-0.5-a, pb-iwh-1-a, pb-iwh-2.5-a, pb-iwpb, pb-iwpg, pb-iwpg-0.5-a, pb-iwpg-1-a, pb-iwpg-2.5-a, pb-mwb, pb-mwbc, pb-mwdc, pb-mwg, pb-mwh, pb-mwh-0.5-a, pb-mwh-1-a, pb-mwh-2.5-a, pb-mwpg, pb-mwpg-0.5-a, pb-mwpg-1-a, pb-mwpg-2.5-a"
gla_445851,"Horse Pasture Seed Mix - Transitional Zone Forage (Zones 3-7) - 50 lb, Covers 100,000 sq ft | Nature's Seed",Pasture Seeds > Pasture Seeds Mix > Mix for Horse Forage,pasture,209.99 USD,7037.18,32139.98,4.57,"12621975593523878229, gla_183556, gla_183557, gla_183558, gla_183570, gla_183571, gla_183572, gla_183584, gla_183585, gla_183586, gla_183612, gla_183613, gla_183614, gla_183640, gla_183641, gla_183642, gla_183696, gla_183697, gla_183698, gla_183724, gla_183725, gla_183726, gla_183780, gla_183781, gla_183782, gla_183808, gla_183809, gla_183810, gla_183836, gla_183837, gla_183838, gla_183864, gla_183865, gla_183866, gla_183892, gla_183893, gla_183894, gla_183920, gla_183921, gla_183922, gla_183948, gla_183949, gla_183950, gla_184011, gla_184012, gla_184013, gla_184394, gla_184395, gla_184396, gla_184397, gla_184398, gla_184399, gla_184400, gla_184401, gla_184839, gla_184840, gla_184841, gla_184842, gla_184843, gla_185013, gla_185014, gla_185015, gla_185041, gla_185042, gla_185043, gla_185069, gla_185070, gla_185071, gla_185475, gla_185476, gla_185477, gla_185478, gla_185479, gla_185480, gla_185481, gla_185482, gla_185499, gla_185500, gla_185501, gla_185502, gla_185503, gla_185504, gla_185505, gla_185506, gla_185511, gla_185512, gla_185513, gla_185514, gla_185515, gla_185516, gla_185517, gla_185518, gla_186793, gla_186805, gla_186806, gla_186807, gla_186812, gla_186813, gla_186814, gla_438225, gla_438226, gla_440368, gla_440376, gla_440384, gla_440409, gla_442089, gla_442090, gla_442092, gla_445282, gla_445559, gla_445851, pb-fth, pb-fth-0.5-a, pb-fth-1-a, pb-fth-2.5-a, pb-fts, pb-glal, pb-glb, pb-gldc, pb-glg, pb-glh, pb-glh-0.5-a, pb-glh-1-a, pb-glh-2.5-a, pb-glp, pb-glpb, pb-glpg, pb-glpg-0.5-a, pb-glpg-1-a, pb-glpg-2.5-a, pb-gph, pb-gph-0.5-a, pb-gph-1-a, pb-gph-2.5-a, pb-iwb, pb-iwg, pb-iwh, pb-iwh-0.5-a, pb-iwh-1-a, pb-iwh-2.5-a, pb-iwpb, pb-iwpg, pb-iwpg-0.5-a, pb-iwpg-1-a, pb-iwpg-2.5-a, pb-mwb, pb-mwbc, pb-mwdc, pb-mwg, pb-mwh, pb-mwh-0.5-a, pb-mwh-1-a, pb-mwh-2.5-a, pb-mwpg, pb-mwpg-0.5-a, pb-mwpg-1-a, pb-mwpg-2.5-a"
gla_445861,"Horse Pasture Seed Mix - Cold Season Northern Forage - 10 lb, Covers 20,000 sq ft | Nature's Seed",Pasture Seeds > Pasture Seeds Mix > Mix for Horse Forage,pasture,29.99 USD,5667.66,21009.0,3.71,"8950709010544514463, gla_183542, gla_183543, gla_183544, gla_183563, gla_183564, gla_183565, gla_183626, gla_183627, gla_183628, gla_183647, gla_183648, gla_183649, gla_183710, gla_183711, gla_183712, gla_183731, gla_183732, gla_183733, gla_183794, gla_183795, gla_183796, gla_183815, gla_183816, gla_183817, gla_183878, gla_183879, gla_183880, gla_183899, gla_183900, gla_183901, gla_183962, gla_183963, gla_183964, gla_184286, gla_184287, gla_184288, gla_184289, gla_184290, gla_184291, gla_184292, gla_184293, gla_184749, gla_184999, gla_185000, gla_185001, gla_185020, gla_185021, gla_185022, gla_185523, gla_185524, gla_185525, gla_185526, gla_185527, gla_185528, gla_185529, gla_185530, gla_185583, gla_185584, gla_185585, gla_185586, gla_185587, gla_185588, gla_185589, gla_185590, gla_186819, gla_186820, gla_186821, gla_186826, gla_186827, gla_186828, gla_441810, gla_442115, gla_445280, gla_445860, gla_445861, pb-pnwbc, pb-pnwdc, pb-pnwg, pb-pnwh, pb-pnwh-0.5-a, pb-pnwh-1-a, pb-pnwh-2.5-a, pb-pnwpb, pb-pnwpg, pb-pnwpg-0.5-a, pb-pnwpg-1-a, pb-pnwpg-2.5-a, pb-pswb, pb-pswpg, pb-pswpg-0.5-a, pb-pswpg-1-a, pb-pswpg-2.5-a"
gla_445860,"Horse Pasture Seed Mix - Cold Season Northern Forage - 20 lb, Covers 40,000 sq ft | Nature's Seed",Pasture Seeds > Pasture Seeds Mix > Mix for Horse Forage,pasture,49.99 USD,5667.66,21009.0,3.71,"8950709010544514463, gla_183542, gla_183543, gla_183544, gla_183563, gla_183564, gla_183565, gla_183626, gla_183627, gla_183628, gla_183647, gla_183648, gla_183649, gla_183710, gla_183711, gla_183712, gla_183731, gla_183732, gla_183733, gla_183794, gla_183795, gla_183796, gla_183815, gla_183816, gla_183817, gla_183878, gla_183879, gla_183880, gla_183899, gla_183900, gla_183901, gla_183962, gla_183963, gla_183964, gla_184286, gla_184287, gla_184288, gla_184289, gla_184290, gla_184291, gla_184292, gla_184293, gla_184749, gla_184999, gla_185000, gla_185001, gla_185020, gla_185021, gla_185022, gla_185523, gla_185524, gla_185525, gla_185526, gla_185527, gla_185528, gla_185529, gla_185530, gla_185583, gla_185584, gla_185585, gla_185586, gla_185587, gla_185588, gla_185589, gla_185590, gla_186819, gla_186820, gla_186821, gla_186826, gla_186827, gla_186828, gla_441810, gla_442115, gla_445280, gla_445860, gla_445861, pb-pnwbc, pb-pnwdc, pb-pnwg, pb-pnwh, pb-pnwh-0.5-a, pb-pnwh-1-a, pb-pnwh-2.5-a, pb-pnwpb, pb-pnwpg, pb-pnwpg-0.5-a, pb-pnwpg-1-a, pb-pnwpg-2.5-a, pb-pswb, pb-pswpg, pb-pswpg-0.5-a, pb-pswpg-1-a, pb-pswpg-2.5-a"
gla_445280,"Horse Pasture Seed Mix - Cold Season Northern Forage - 50 lb, Covers 100,000 sq ft | Nature's Seed",Pasture Seeds > Pasture Seeds Mix > Mix for Horse Forage,pasture,119.99 USD,5667.66,21009.0,3.71,"8950709010544514463, gla_183542, gla_183543, gla_183544, gla_183563, gla_183564, gla_183565, gla_183626, gla_183627, gla_183628, gla_183647, gla_183648, gla_183649, gla_183710, gla_183711, gla_183712, gla_183731, gla_183732, gla_183733, gla_183794, gla_183795, gla_183796, gla_183815, gla_183816, gla_183817, gla_183878, gla_183879, gla_183880, gla_183899, gla_183900, gla_183901, gla_183962, gla_183963, gla_183964, gla_184286, gla_184287, gla_184288, gla_184289, gla_184290, gla_184291, gla_184292, gla_184293, gla_184749, gla_184999, gla_185000, gla_185001, gla_185020, gla_185021, gla_185022, gla_185523, gla_185524, gla_185525, gla_185526, gla_185527, gla_185528, gla_185529, gla_185530, gla_185583, gla_185584, gla_185585, gla_185586, gla_185587, gla_185588, gla_185589, gla_185590, gla_186819, gla_186820, gla_186821, gla_186826, gla_186827, gla_186828, gla_441810, gla_442115, gla_445280, gla_445860, gla_445861, pb-pnwbc, pb-pnwdc, pb-pnwg, pb-pnwh, pb-pnwh-0.5-a, pb-pnwh-1-a, pb-pnwh-2.5-a, pb-pnwpb, pb-pnwpg, pb-pnwpg-0.5-a, pb-pnwpg-1-a, pb-pnwpg-2.5-a, pb-pswb, pb-pswpg, pb-pswpg-0.5-a, pb-pswpg-1-a, pb-pswpg-2.5-a"
gla_445557,"Chicken & Poultry Forage Seed Mix - Clover & Alfalfa Blend - 25 lb, Covers 50,000 sq ft | Nature's Seed",Pasture Seeds > Pasture Seeds Mix > Mix for Poultry Forage,pasture,89.95 USD,4805.05,19098.18,3.97,"1113844381927015347, 16072454010820768888, 17910775112382531763, 1972218362181840372, 5520651504317822982, gla_182976, gla_182977, gla_182978, gla_183598, gla_183599, gla_183600, gla_183619, gla_183620, gla_183621, gla_183633, gla_183634, gla_183635, gla_183682, gla_183683, gla_183684, gla_183703, gla_183704, gla_183705, gla_183717, gla_183718, gla_183719, gla_183766, gla_183767, gla_183768, gla_183773, gla_183774, gla_183775, gla_183787, gla_183788, gla_183789, gla_183801, gla_183802, gla_183803, gla_183851, gla_183852, gla_183871, gla_183872, gla_183873, gla_183934, gla_183935, gla_183936, gla_183983, gla_183984, gla_183985, gla_183990, gla_183991, gla_183992, gla_184018, gla_184019, gla_184020, gla_184032, gla_184033, gla_184034, gla_184039, gla_184040, gla_184041, gla_184382, gla_184383, gla_184384, gla_184385, gla_184386, gla_184387, gla_184388, gla_184389, gla_184758, gla_184759, gla_184760, gla_184761, gla_184762, gla_184767, gla_184768, gla_184769, gla_184770, gla_184771, gla_184821, gla_184822, gla_184823, gla_184824, gla_184825, gla_184830, gla_184831, gla_184832, gla_184833, gla_184834, gla_184848, gla_184849, gla_184850, gla_184851, gla_184852, gla_184901, gla_184902, gla_184903, gla_185006, gla_185007, gla_185008, gla_185055, gla_185056, gla_185057, gla_185078, gla_185463, gla_185464, gla_185465, gla_185466, gla_185467, gla_185468, gla_185469, gla_185470, gla_185547, gla_185548, gla_185549, gla_185550, gla_185551, gla_185552, gla_185553, gla_185554, gla_185559, gla_185560, gla_185561, gla_185562, gla_185563, gla_185564, gla_185565, gla_185566, gla_185595, gla_185596, gla_185597, gla_185598, gla_185599, gla_185600, gla_185601, gla_185602, gla_186784, gla_186785, gla_186786, gla_186840, gla_186841, gla_186842, gla_186847, gla_186848, gla_186849, gla_440347, gla_445261, gla_445557, gla_445869, pb-ftal, pb-ftb, pb-ftbc, pb-ftdc, pb-ftg, pb-ftp, pb-ftpb, pb-ftpb-0.5-a, pb-ftpb-1-a, pb-ftpb-1000-f, pb-ftpb-1500-f, pb-ftpb-2.5-a, pb-ftpb-2000-f, pb-ftpb-500-f, pb-ftpb-5000-f, pb-gppb, pb-gppb-0.5-a, pb-gppb-1-a, pb-gppb-1000-f, pb-gppb-1500-f, pb-gppb-2.5-a, pb-gppb-2000-f, pb-gppb-500-f, pb-gppb-5000-f, pb-mwp, pb-mwpb, pb-mwpb-0.5-a, pb-mwpb-1-a, pb-mwpb-1000-f, pb-mwpb-1500-f, pb-mwpb-2.5-a, pb-mwpb-2000-f, pb-mwpb-500-f, pb-mwpb-5000-f, pb-pswpb, pb-pswpb-0.5-a, pb-pswpb-1-a, pb-pswpb-1000-f, pb-pswpb-1500-f, pb-pswpb-2.5-a, pb-pswpb-2000-f, pb-pswpb-500-f, pb-pswpb-5000-f, pb-satec, pb-satpb, pb-satpb-0.5-a, pb-satpb-1-a, pb-satpb-1000-f, pb-satpb-1500-f, pb-satpb-2.5-a, pb-satpb-2000-f, pb-satpb-500-f, pb-satpb-5000-f, pb-ssal, pb-ssb, pb-ssbc, pb-ssdc, pb-ssg, pb-ssh, pb-ssp, pb-sspb, pb-sspb-0.5-a, pb-sspb-1-a, pb-sspb-1000-f, pb-sspb-1500-f, pb-sspb-2.5-a, pb-sspb-2000-f, pb-sspb-500-f, pb-sspb-5000-f, pb-sspg, pb-sspg-0.5-a, pb-sspg-1-a, pb-sspg-2.5-a, pb-swdal, pb-swdbc, pb-swdp, pb-swdpb, pb-swdpb-0.5-a, pb-swdpb-1-a, pb-swdpb-1000-f, pb-swdpb-1500-f, pb-swdpb-2.5-a, pb-swdpb-2000-f, pb-swdpb-500-f, pb-swdpb-5000-f, pb-swdpg, pb-swdpg-0.5-a, pb-swdpg-1-a, pb-swdpg-2.5-a, pb-swtp, pb-swtpb, pb-swtpb-0.5-a, pb-swtpb-1-a, pb-swtpb-1000-f, pb-swtpb-1500-f, pb-swtpb-2.5-a, pb-swtpb-2000-f, pb-swtpb-500-f, pb-swtpb-5000-f, pb-swts"
gla_445869,"Chicken & Poultry Forage Seed Mix - Clover & Alfalfa Blend - 5 lb, Covers 10,000 sq ft | Nature's Seed",Pasture Seeds > Pasture Seeds Mix > Mix for Poultry Forage,pasture,19.99 USD,4805.05,19098.18,3.97,"1113844381927015347, 16072454010820768888, 17910775112382531763, 1972218362181840372, 5520651504317822982, gla_182976, gla_182977, gla_182978, gla_183598, gla_183599, gla_183600, gla_183619, gla_183620, gla_183621, gla_183633, gla_183634, gla_183635, gla_183682, gla_183683, gla_183684, gla_183703, gla_183704, gla_183705, gla_183717, gla_183718, gla_183719, gla_183766, gla_183767, gla_183768, gla_183773, gla_183774, gla_183775, gla_183787, gla_183788, gla_183789, gla_183801, gla_183802, gla_183803, gla_183851, gla_183852, gla_183871, gla_183872, gla_183873, gla_183934, gla_183935, gla_183936, gla_183983, gla_183984, gla_183985, gla_183990, gla_183991, gla_183992, gla_184018, gla_184019, gla_184020, gla_184032, gla_184033, gla_184034, gla_184039, gla_184040, gla_184041, gla_184382, gla_184383, gla_184384, gla_184385, gla_184386, gla_184387, gla_184388, gla_184389, gla_184758, gla_184759, gla_184760, gla_184761, gla_184762, gla_184767, gla_184768, gla_184769, gla_184770, gla_184771, gla_184821, gla_184822, gla_184823, gla_184824, gla_184825, gla_184830, gla_184831, gla_184832, gla_184833, gla_184834, gla_184848, gla_184849, gla_184850, gla_184851, gla_184852, gla_184901, gla_184902, gla_184903, gla_185006, gla_185007, gla_185008, gla_185055, gla_185056, gla_185057, gla_185078, gla_185463, gla_185464, gla_185465, gla_185466, gla_185467, gla_185468, gla_185469, gla_185470, gla_185547, gla_185548, gla_185549, gla_185550, gla_185551, gla_185552, gla_185553, gla_185554, gla_185559, gla_185560, gla_185561, gla_185562, gla_185563, gla_185564, gla_185565, gla_185566, gla_185595, gla_185596, gla_185597, gla_185598, gla_185599, gla_185600, gla_185601, gla_185602, gla_186784, gla_186785, gla_186786, gla_186840, gla_186841, gla_186842, gla_186847, gla_186848, gla_186849, gla_440347, gla_445261, gla_445557, gla_445869, pb-ftal, pb-ftb, pb-ftbc, pb-ftdc, pb-ftg, pb-ftp, pb-ftpb, pb-ftpb-0.5-a, pb-ftpb-1-a, pb-ftpb-1000-f, pb-ftpb-1500-f, pb-ftpb-2.5-a, pb-ftpb-2000-f, pb-ftpb-500-f, pb-ftpb-5000-f, pb-gppb, pb-gppb-0.5-a, pb-gppb-1-a, pb-gppb-1000-f, pb-gppb-1500-f, pb-gppb-2.5-a, pb-gppb-2000-f, pb-gppb-500-f, pb-gppb-5000-f, pb-mwp, pb-mwpb, pb-mwpb-0.5-a, pb-mwpb-1-a, pb-mwpb-1000-f, pb-mwpb-1500-f, pb-mwpb-2.5-a, pb-mwpb-2000-f, pb-mwpb-500-f, pb-mwpb-5000-f, pb-pswpb, pb-pswpb-0.5-a, pb-pswpb-1-a, pb-pswpb-1000-f, pb-pswpb-1500-f, pb-pswpb-2.5-a, pb-pswpb-2000-f, pb-pswpb-500-f, pb-pswpb-5000-f, pb-satec, pb-satpb, pb-satpb-0.5-a, pb-satpb-1-a, pb-satpb-1000-f, pb-satpb-1500-f, pb-satpb-2.5-a, pb-satpb-2000-f, pb-satpb-500-f, pb-satpb-5000-f, pb-ssal, pb-ssb, pb-ssbc, pb-ssdc, pb-ssg, pb-ssh, pb-ssp, pb-sspb, pb-sspb-0.5-a, pb-sspb-1-a, pb-sspb-1000-f, pb-sspb-1500-f, pb-sspb-2.5-a, pb-sspb-2000-f, pb-sspb-500-f, pb-sspb-5000-f, pb-sspg, pb-sspg-0.5-a, pb-sspg-1-a, pb-sspg-2.5-a, pb-swdal, pb-swdbc, pb-swdp, pb-swdpb, pb-swdpb-0.5-a, pb-swdpb-1-a, pb-swdpb-1000-f, pb-swdpb-1500-f, pb-swdpb-2.5-a, pb-swdpb-2000-f, pb-swdpb-500-f, pb-swdpb-5000-f, pb-swdpg, pb-swdpg-0.5-a, pb-swdpg-1-a, pb-swdpg-2.5-a, pb-swtp, pb-swtpb, pb-swtpb-0.5-a, pb-swtpb-1-a, pb-swtpb-1000-f, pb-swtpb-1500-f, pb-swtpb-2.5-a, pb-swtpb-2000-f, pb-swtpb-500-f, pb-swtpb-5000-f, pb-swts"
gla_445261,"Chicken & Poultry Forage Seed Mix - Clover & Alfalfa Blend - 50 lb, Covers 100,000 sq ft | Nature's Seed",Pasture Seeds > Pasture Seeds Mix > Mix for Poultry Forage,pasture,169.91 USD,4805.05,19098.18,3.97,"1113844381927015347, 16072454010820768888, 17910775112382531763, 1972218362181840372, 5520651504317822982, gla_182976, gla_182977, gla_182978, gla_183598, gla_183599, gla_183600, gla_183619, gla_183620, gla_183621, gla_183633, gla_183634, gla_183635, gla_183682, gla_183683, gla_183684, gla_183703, gla_183704, gla_183705, gla_183717, gla_183718, gla_183719, gla_183766, gla_183767, gla_183768, gla_183773, gla_183774, gla_183775, gla_183787, gla_183788, gla_183789, gla_183801, gla_183802, gla_183803, gla_183851, gla_183852, gla_183871, gla_183872, gla_183873, gla_183934, gla_183935, gla_183936, gla_183983, gla_183984, gla_183985, gla_183990, gla_183991, gla_183992, gla_184018, gla_184019, gla_184020, gla_184032, gla_184033, gla_184034, gla_184039, gla_184040, gla_184041, gla_184382, gla_184383, gla_184384, gla_184385, gla_184386, gla_184387, gla_184388, gla_184389, gla_184758, gla_184759, gla_184760, gla_184761, gla_184762, gla_184767, gla_184768, gla_184769, gla_184770, gla_184771, gla_184821, gla_184822, gla_184823, gla_184824, gla_184825, gla_184830, gla_184831, gla_184832, gla_184833, gla_184834, gla_184848, gla_184849, gla_184850, gla_184851, gla_184852, gla_184901, gla_184902, gla_184903, gla_185006, gla_185007, gla_185008, gla_185055, gla_185056, gla_185057, gla_185078, gla_185463, gla_185464, gla_185465, gla_185466, gla_185467, gla_185468, gla_185469, gla_185470, gla_185547, gla_185548, gla_185549, gla_185550, gla_185551, gla_185552, gla_185553, gla_185554, gla_185559, gla_185560, gla_185561, gla_185562, gla_185563, gla_185564, gla_185565, gla_185566, gla_185595, gla_185596, gla_185597, gla_185598, gla_185599, gla_185600, gla_185601, gla_185602, gla_186784, gla_186785, gla_186786, gla_186840, gla_186841, gla_186842, gla_186847, gla_186848, gla_186849, gla_440347, gla_445261, gla_445557, gla_445869, pb-ftal, pb-ftb, pb-ftbc, pb-ftdc, pb-ftg, pb-ftp, pb-ftpb, pb-ftpb-0.5-a, pb-ftpb-1-a, pb-ftpb-1000-f, pb-ftpb-1500-f, pb-ftpb-2.5-a, pb-ftpb-2000-f, pb-ftpb-500-f, pb-ftpb-5000-f, pb-gppb, pb-gppb-0.5-a, pb-gppb-1-a, pb-gppb-1000-f, pb-gppb-1500-f, pb-gppb-2.5-a, pb-gppb-2000-f, pb-gppb-500-f, pb-gppb-5000-f, pb-mwp, pb-mwpb, pb-mwpb-0.5-a, pb-mwpb-1-a, pb-mwpb-1000-f, pb-mwpb-1500-f, pb-mwpb-2.5-a, pb-mwpb-2000-f, pb-mwpb-500-f, pb-mwpb-5000-f, pb-pswpb, pb-pswpb-0.5-a, pb-pswpb-1-a, pb-pswpb-1000-f, pb-pswpb-1500-f, pb-pswpb-2.5-a, pb-pswpb-2000-f, pb-pswpb-500-f, pb-pswpb-5000-f, pb-satec, pb-satpb, pb-satpb-0.5-a, pb-satpb-1-a, pb-satpb-1000-f, pb-satpb-1500-f, pb-satpb-2.5-a, pb-satpb-2000-f, pb-satpb-500-f, pb-satpb-5000-f, pb-ssal, pb-ssb, pb-ssbc, pb-ssdc, pb-ssg, pb-ssh, pb-ssp, pb-sspb, pb-sspb-0.5-a, pb-sspb-1-a, pb-sspb-1000-f, pb-sspb-1500-f, pb-sspb-2.5-a, pb-sspb-2000-f, pb-sspb-500-f, pb-sspb-5000-f, pb-sspg, pb-sspg-0.5-a, pb-sspg-1-a, pb-sspg-2.5-a, pb-swdal, pb-swdbc, pb-swdp, pb-swdpb, pb-swdpb-0.5-a, pb-swdpb-1-a, pb-swdpb-1000-f, pb-swdpb-1500-f, pb-swdpb-2.5-a, pb-swdpb-2000-f, pb-swdpb-500-f, pb-swdpb-5000-f, pb-swdpg, pb-swdpg-0.5-a, pb-swdpg-1-a, pb-swdpg-2.5-a, pb-swtp, pb-swtpb, pb-swtpb-0.5-a, pb-swtpb-1-a, pb-swtpb-1000-f, pb-swtpb-1500-f, pb-swtpb-2.5-a, pb-swtpb-2000-f, pb-swtpb-500-f, pb-swtpb-5000-f, pb-swts"
gla_445284,"Sheep Pasture Seed Mix - Cold Season, High-Protein Legume - 10 lb, Covers 20,000 sq ft | Nature's Seed",Pasture Seeds > Pasture Seeds Mix > Mix for Sheep Forage,pasture,49.99 USD,4951.43,18676.15,3.77,"2851269121087583946, 3904270741020649422, 423987094353553138, gla_182934, gla_182935, gla_182936, gla_184298, gla_184299, gla_184300, gla_184301, gla_184302, gla_184303, gla_184304, gla_184305, gla_184750, gla_184751, gla_184752, gla_184753, gla_184776, gla_184777, gla_184778, gla_184779, gla_184780, gla_187102, gla_187105, gla_187106, gla_192000, gla_192001, gla_192002, gla_192003, gla_192004, gla_192006, gla_192007, gla_192009, gla_192010, gla_192011, gla_406929, gla_440382, gla_445284, gla_445843, gla_445844, pb-pnwal, pb-pnwal-0.5-a, pb-pnwal-1-a, pb-pnwal-2.5-a, pb-pnwb, pb-pnwb-0.5-a, pb-pnwb-1-a, pb-pnwb-2.5-a, pb-pnwd, pb-pnwhb, pb-pnwhb-0.5-a, pb-pnwhb-1-a, pb-pnwhb-1000-f, pb-pnwhb-1500-f, pb-pnwhb-2.5-a, pb-pnwhb-2000-f, pb-pnwhb-500-f, pb-pnwhb-5000-f, pb-pnwp, pb-pnwp-1000-f, pb-pnwp-1500-f, pb-pnwp-2000-f, pb-pnwp-500-f, pb-pnwp-5000-f, pb-pnws, pb-pnws-0.5-a, pb-pnws-1-a, pb-pnws-2.5-a, pb-pswal-0.5-a, pb-pswal-1-a, pb-pswal-2.5-a, pb-pswd, pb-pswp, turf-ne-2000-f, turf-nw, turf-nw-1000-f, turf-nw-1500-f, turf-nw-2000-f, turf-nw-500-f, turf-nw-5000-f, turf-wns, turf-wns-1000-f, turf-wns-1500-f, turf-wns-2000-f, turf-wns-500-f, turf-wns-5000-f, turf-wnw, turf-wnw-1000-f, turf-wnw-1500-f, turf-wnw-2000-f, turf-wnw-500-f, turf-wnw-5000-f, wb-ne, wb-nw"
gla_445844,"Sheep Pasture Seed Mix - Cold Season, High-Protein Legume - 20 lb, Covers 40,000 sq ft | Nature's Seed",Pasture Seeds > Pasture Seeds Mix > Mix for Sheep Forage,pasture,79.99 USD,4951.43,18676.15,3.77,"2851269121087583946, 3904270741020649422, 423987094353553138, gla_182934, gla_182935, gla_182936, gla_184298, gla_184299, gla_184300, gla_184301, gla_184302, gla_184303, gla_184304, gla_184305, gla_184750, gla_184751, gla_184752, gla_184753, gla_184776, gla_184777, gla_184778, gla_184779, gla_184780, gla_187102, gla_187105, gla_187106, gla_192000, gla_192001, gla_192002, gla_192003, gla_192004, gla_192006, gla_192007, gla_192009, gla_192010, gla_192011, gla_406929, gla_440382, gla_445284, gla_445843, gla_445844, pb-pnwal, pb-pnwal-0.5-a, pb-pnwal-1-a, pb-pnwal-2.5-a, pb-pnwb, pb-pnwb-0.5-a, pb-pnwb-1-a, pb-pnwb-2.5-a, pb-pnwd, pb-pnwhb, pb-pnwhb-0.5-a, pb-pnwhb-1-a, pb-pnwhb-1000-f, pb-pnwhb-1500-f, pb-pnwhb-2.5-a, pb-pnwhb-2000-f, pb-pnwhb-500-f, pb-pnwhb-5000-f, pb-pnwp, pb-pnwp-1000-f, pb-pnwp-1500-f, pb-pnwp-2000-f, pb-pnwp-500-f, pb-pnwp-5000-f, pb-pnws, pb-pnws-0.5-a, pb-pnws-1-a, pb-pnws-2.5-a, pb-pswal-0.5-a, pb-pswal-1-a, pb-pswal-2.5-a, pb-pswd, pb-pswp, turf-ne-2000-f, turf-nw, turf-nw-1000-f, turf-nw-1500-f, turf-nw-2000-f, turf-nw-500-f, turf-nw-5000-f, turf-wns, turf-wns-1000-f, turf-wns-1500-f, turf-wns-2000-f, turf-wns-500-f, turf-wns-5000-f, turf-wnw, turf-wnw-1000-f, turf-wnw-1500-f, turf-wnw-2000-f, turf-wnw-500-f, turf-wnw-5000-f, wb-ne, wb-nw"
gla_445843,"Sheep Pasture Seed Mix - Cold Season, High-Protein Legume - 50 lb, Covers 100,000 sq ft | Nature's Seed",Pasture Seeds > Pasture Seeds Mix > Mix for Sheep Forage,pasture,209.99 USD,4951.43,18676.15,3.77,"2851269121087583946, 3904270741020649422, 423987094353553138, gla_182934, gla_182935, gla_182936, gla_184298, gla_184299, gla_184300, gla_184301, gla_184302, gla_184303, gla_184304, gla_184305, gla_184750, gla_184751, gla_184752, gla_184753, gla_184776, gla_184777, gla_184778, gla_184779, gla_184780, gla_187102, gla_187105, gla_187106, gla_192000, gla_192001, gla_192002, gla_192003, gla_192004, gla_192006, gla_192007, gla_192009, gla_192010, gla_192011, gla_406929, gla_440382, gla_445284, gla_445843, gla_445844, pb-pnwal, pb-pnwal-0.5-a, pb-pnwal-1-a, pb-pnwal-2.5-a, pb-pnwb, pb-pnwb-0.5-a, pb-pnwb-1-a, pb-pnwb-2.5-a, pb-pnwd, pb-pnwhb, pb-pnwhb-0.5-a, pb-pnwhb-1-a, pb-pnwhb-1000-f, pb-pnwhb-1500-f, pb-pnwhb-2.5-a, pb-pnwhb-2000-f, pb-pnwhb-500-f, pb-pnwhb-5000-f, pb-pnwp, pb-pnwp-1000-f, pb-pnwp-1500-f, pb-pnwp-2000-f, pb-pnwp-500-f, pb-pnwp-5000-f, pb-pnws, pb-pnws-0.5-a, pb-pnws-1-a, pb-pnws-2.5-a, pb-pswal-0.5-a, pb-pswal-1-a, pb-pswal-2.5-a, pb-pswd, pb-pswp, turf-ne-2000-f, turf-nw, turf-nw-1000-f, turf-nw-1500-f, turf-nw-2000-f, turf-nw-500-f, turf-nw-5000-f, turf-wns, turf-wns-1000-f, turf-wns-1500-f, turf-wns-2000-f, turf-wns-500-f, turf-wns-5000-f, turf-wnw, turf-wnw-1000-f, turf-wnw-1500-f, turf-wnw-2000-f, turf-wnw-500-f, turf-wnw-5000-f, wb-ne, wb-nw"
gla_445857,"Goat Pasture & Forage Mix - 10 lb, Covers 20,000 sq ft | Nature's Seed",Pasture Seeds > Pasture Seeds Mix > Mix for Goat Forage,pasture,49.99 USD,2859.79,13478.44,4.71,"4237633835126307064, 7314928617712776989, gla_183591, gla_183592, gla_183593, gla_183675, gla_183676, gla_183677, gla_183759, gla_183760, gla_183761, gla_183822, gla_183843, gla_183844, gla_183845, gla_183927, gla_183928, gla_183929, gla_184004, gla_184005, gla_184006, gla_184785, gla_184786, gla_184787, gla_184788, gla_184789, gla_184812, gla_184813, gla_184814, gla_184815, gla_184816, gla_185048, gla_185049, gla_185050, gla_185216, gla_185217, gla_185218, gla_186652, gla_186653, gla_186655, gla_186854, gla_186855, gla_186856, gla_440364, gla_440366, gla_440372, gla_440374, gla_440380, gla_445278, gla_445856, gla_445857, pb-goat-s_pb-goat-s, pb-goat-t_pb-goat-t, pb-gpg, pb-gpg-0.5-a, pb-gpg-1-a, pb-gpg-2.5-a, pb-gpp, pb-gppg, pb-gppg-0.5-a, pb-gppg-1-a, pb-gppg-2.5-a, pb-pswg, pb-pswg-0.5-a, pb-pswg-1-a, pb-pswg-2.5-a, pb-satg, pb-satg-0.5-a, pb-satg-1-a, pb-satg-2.5-a, pb-ssaal, pb-ssab, pb-ssadc, pb-ssag, pb-ssag-0.5-a, pb-ssag-1-a, pb-ssag-2.5-a, pb-ssah, pb-ssap, pb-ssapb, pb-ssapg, pb-ssapg-0.5-a, pb-ssapg-1-a, pb-ssapg-2.5-a, pb-ssas, pb-swdb, pb-swdg, pb-swdg-0.5-a, pb-swdg-1-a, pb-swdg-2.5-a, pb-swtg, pb-swtg-0.5-a, pb-swtg-1-a, pb-swtg-2.5-a, pg-avsa, pg-avsa-1-lb, pg-avsa-10-lb, pg-avsa-25-lb, pg-avsa-50-lb, pg-trar-1-lb, pg-trar-10-lb, pg-trar-25-lb, pg-trar-50-lb"
gla_445856,"Goat Pasture & Forage Mix - 20 lb, Covers 40,000 sq ft | Nature's Seed",Pasture Seeds > Pasture Seeds Mix > Mix for Goat Forage,pasture,79.99 USD,2859.79,13478.44,4.71,"4237633835126307064, 7314928617712776989, gla_183591, gla_183592, gla_183593, gla_183675, gla_183676, gla_183677, gla_183759, gla_183760, gla_183761, gla_183822, gla_183843, gla_183844, gla_183845, gla_183927, gla_183928, gla_183929, gla_184004, gla_184005, gla_184006, gla_184785, gla_184786, gla_184787, gla_184788, gla_184789, gla_184812, gla_184813, gla_184814, gla_184815, gla_184816, gla_185048, gla_185049, gla_185050, gla_185216, gla_185217, gla_185218, gla_186652, gla_186653, gla_186655, gla_186854, gla_186855, gla_186856, gla_440364, gla_440366, gla_440372, gla_440374, gla_440380, gla_445278, gla_445856, gla_445857, pb-goat-s_pb-goat-s, pb-goat-t_pb-goat-t, pb-gpg, pb-gpg-0.5-a, pb-gpg-1-a, pb-gpg-2.5-a, pb-gpp, pb-gppg, pb-gppg-0.5-a, pb-gppg-1-a, pb-gppg-2.5-a, pb-pswg, pb-pswg-0.5-a, pb-pswg-1-a, pb-pswg-2.5-a, pb-satg, pb-satg-0.5-a, pb-satg-1-a, pb-satg-2.5-a, pb-ssaal, pb-ssab, pb-ssadc, pb-ssag, pb-ssag-0.5-a, pb-ssag-1-a, pb-ssag-2.5-a, pb-ssah, pb-ssap, pb-ssapb, pb-ssapg, pb-ssapg-0.5-a, pb-ssapg-1-a, pb-ssapg-2.5-a, pb-ssas, pb-swdb, pb-swdg, pb-swdg-0.5-a, pb-swdg-1-a, pb-swdg-2.5-a, pb-swtg, pb-swtg-0.5-a, pb-swtg-1-a, pb-swtg-2.5-a, pg-avsa, pg-avsa-1-lb, pg-avsa-10-lb, pg-avsa-25-lb, pg-avsa-50-lb, pg-trar-1-lb, pg-trar-10-lb, pg-trar-25-lb, pg-trar-50-lb"
gla_445278,"Goat Pasture & Forage Mix - 50 lb, Covers 100,000 sq ft | Nature's Seed",Pasture Seeds > Pasture Seeds Mix > Mix for Goat Forage,pasture,209.99 USD,2859.79,13478.44,4.71,"4237633835126307064, 7314928617712776989, gla_183591, gla_183592, gla_183593, gla_183675, gla_183676, gla_183677, gla_183759, gla_183760, gla_183761, gla_183822, gla_183843, gla_183844, gla_183845, gla_183927, gla_183928, gla_183929, gla_184004, gla_184005, gla_184006, gla_184785, gla_184786, gla_184787, gla_184788, gla_184789, gla_184812, gla_184813, gla_184814, gla_184815, gla_184816, gla_185048, gla_185049, gla_185050, gla_185216, gla_185217, gla_185218, gla_186652, gla_186653, gla_186655, gla_186854, gla_186855, gla_186856, gla_440364, gla_440366, gla_440372, gla_440374, gla_440380, gla_445278, gla_445856, gla_445857, pb-goat-s_pb-goat-s, pb-goat-t_pb-goat-t, pb-gpg, pb-gpg-0.5-a, pb-gpg-1-a, pb-gpg-2.5-a, pb-gpp, pb-gppg, pb-gppg-0.5-a, pb-gppg-1-a, pb-gppg-2.5-a, pb-pswg, pb-pswg-0.5-a, pb-pswg-1-a, pb-pswg-2.5-a, pb-satg, pb-satg-0.5-a, pb-satg-1-a, pb-satg-2.5-a, pb-ssaal, pb-ssab, pb-ssadc, pb-ssag, pb-ssag-0.5-a, pb-ssag-1-a, pb-ssag-2.5-a, pb-ssah, pb-ssap, pb-ssapb, pb-ssapg, pb-ssapg-0.5-a, pb-ssapg-1-a, pb-ssapg-2.5-a, pb-ssas, pb-swdb, pb-swdg, pb-swdg-0.5-a, pb-swdg-1-a, pb-swdg-2.5-a, pb-swtg, pb-swtg-0.5-a, pb-swtg-1-a, pb-swtg-2.5-a, pg-avsa, pg-avsa-1-lb, pg-avsa-10-lb, pg-avsa-25-lb, pg-avsa-50-lb, pg-trar-1-lb, pg-trar-10-lb, pg-trar-25-lb, pg-trar-50-lb"
gla_445286,"Sheep & Goat Pasture Seed Mix - High-Protein Transitional - 10 lb, Covers 10,000 sq ft | Nature's Seed",Pasture Seeds > Pasture Seeds Mix > Mix for Sheep Forage,pasture,39.99 USD,1585.14,9830.0,6.2,"13429959135957232464, 2014283584867868703, gla_183668, gla_183669, gla_183670, gla_183906, gla_183907, gla_183908, gla_183976, gla_183977, gla_183978, gla_445286, gla_445847, gla_445848, pb-gls, pb-gls-0.5-a, pb-gls-1-a, pb-gls-2.5-a, pb-gps, pb-iwal, pb-iws, pb-iws-0.5-a, pb-iws-1-a, pb-iws-2.5-a, pb-mws, pb-mws-0.5-a, pb-mws-1-a, pb-mws-2.5-a"
gla_445848,"Sheep & Goat Pasture Seed Mix - High-Protein Transitional - 20 lb, Covers 20,000 sq ft | Nature's Seed",Pasture Seeds > Pasture Seeds Mix > Mix for Sheep Forage,pasture,69.99 USD,1585.14,9830.0,6.2,"13429959135957232464, 2014283584867868703, gla_183668, gla_183669, gla_183670, gla_183906, gla_183907, gla_183908, gla_183976, gla_183977, gla_183978, gla_445286, gla_445847, gla_445848, pb-gls, pb-gls-0.5-a, pb-gls-1-a, pb-gls-2.5-a, pb-gps, pb-iwal, pb-iws, pb-iws-0.5-a, pb-iws-1-a, pb-iws-2.5-a, pb-mws, pb-mws-0.5-a, pb-mws-1-a, pb-mws-2.5-a"
gla_445847,"Sheep & Goat Pasture Seed Mix - High-Protein Transitional - 50 lb, Covers 50,000 sq ft | Nature's Seed",Pasture Seeds > Pasture Seeds Mix > Mix for Sheep Forage,pasture,159.99 USD,1585.14,9830.0,6.2,"13429959135957232464, 2014283584867868703, gla_183668, gla_183669, gla_183670, gla_183906, gla_183907, gla_183908, gla_183976, gla_183977, gla_183978, gla_445286, gla_445847, gla_445848, pb-gls, pb-gls-0.5-a, pb-gls-1-a, pb-gls-2.5-a, pb-gps, pb-iwal, pb-iws, pb-iws-0.5-a, pb-iws-1-a, pb-iws-2.5-a, pb-mws, pb-mws-0.5-a, pb-mws-1-a, pb-mws-2.5-a"
gla_445281,"Horse Pasture Seed Mix - Cool-Adapted, No-Filler Forage - 10 lb, Covers 10,000 sq ft | Nature's Seed",Pasture Seeds > Pasture Seeds Mix > Mix for Horse Forage,pasture,39.99 USD,2457.47,9481.21,3.86,"10770751653865607062, 715889165840712996, gla_183549, gla_183550, gla_183551, gla_183577, gla_183578, gla_183579, gla_183605, gla_183606, gla_183607, gla_183661, gla_183662, gla_183663, gla_183745, gla_183746, gla_183747, gla_183829, gla_183830, gla_183831, gla_183857, gla_183858, gla_183859, gla_183913, gla_183941, gla_183942, gla_183943, gla_183969, gla_183970, gla_183971, gla_184025, gla_184334, gla_184335, gla_184336, gla_184337, gla_184338, gla_184339, gla_184340, gla_184341, gla_184418, gla_184419, gla_184420, gla_184421, gla_184422, gla_184423, gla_184424, gla_184425, gla_184794, gla_184795, gla_184796, gla_184797, gla_184798, gla_185062, gla_185063, gla_185064, gla_185535, gla_185536, gla_185537, gla_185538, gla_185539, gla_185540, gla_185541, gla_185542, gla_185571, gla_185572, gla_185573, gla_185574, gla_185575, gla_185576, gla_185577, gla_185578, gla_186367, gla_186368, gla_186369, gla_186370, gla_186371, gla_186833, gla_186834, gla_186835, gla_186861, gla_186862, gla_186863, gla_418467, gla_441053, gla_445281, gla_445849, gla_445850, pb-pswal, pb-pswh, pb-pswh-0.5-a, pb-pswh-1-a, pb-pswh-2.5-a, pb-satb, pb-sath, pb-sath-0.5-a, pb-sath-1-a, pb-sath-2.5-a, pb-satpg, pb-satpg-0.5-a, pb-satpg-1-a, pb-satpg-2.5-a, pb-swtb, pb-swth, pb-swtpg, pb-swtpg-0.5-a, pb-swtpg-1-a, pb-swtpg-2.5-a"
gla_445850,"Horse Pasture Seed Mix - Cool-Adapted, No-Filler Forage - 20 lb, Covers 20,000 sq ft | Nature's Seed",Pasture Seeds > Pasture Seeds Mix > Mix for Horse Forage,pasture,69.99 USD,2457.47,9481.21,3.86,"10770751653865607062, 715889165840712996, gla_183549, gla_183550, gla_183551, gla_183577, gla_183578, gla_183579, gla_183605, gla_183606, gla_183607, gla_183661, gla_183662, gla_183663, gla_183745, gla_183746, gla_183747, gla_183829, gla_183830, gla_183831, gla_183857, gla_183858, gla_183859, gla_183913, gla_183941, gla_183942, gla_183943, gla_183969, gla_183970, gla_183971, gla_184025, gla_184334, gla_184335, gla_184336, gla_184337, gla_184338, gla_184339, gla_184340, gla_184341, gla_184418, gla_184419, gla_184420, gla_184421, gla_184422, gla_184423, gla_184424, gla_184425, gla_184794, gla_184795, gla_184796, gla_184797, gla_184798, gla_185062, gla_185063, gla_185064, gla_185535, gla_185536, gla_185537, gla_185538, gla_185539, gla_185540, gla_185541, gla_185542, gla_185571, gla_185572, gla_185573, gla_185574, gla_185575, gla_185576, gla_185577, gla_185578, gla_186367, gla_186368, gla_186369, gla_186370, gla_186371, gla_186833, gla_186834, gla_186835, gla_186861, gla_186862, gla_186863, gla_418467, gla_441053, gla_445281, gla_445849, gla_445850, pb-pswal, pb-pswh, pb-pswh-0.5-a, pb-pswh-1-a, pb-pswh-2.5-a, pb-satb, pb-sath, pb-sath-0.5-a, pb-sath-1-a, pb-sath-2.5-a, pb-satpg, pb-satpg-0.5-a, pb-satpg-1-a, pb-satpg-2.5-a, pb-swtb, pb-swth, pb-swtpg, pb-swtpg-0.5-a, pb-swtpg-1-a, pb-swtpg-2.5-a"
gla_445849,"Horse Pasture Seed Mix - Cool-Adapted, No-Filler Forage - 50 lb, Covers 50,000 sq ft | Nature's Seed",Pasture Seeds > Pasture Seeds Mix > Mix for Horse Forage,pasture,159.99 USD,2457.47,9481.21,3.86,"10770751653865607062, 715889165840712996, gla_183549, gla_183550, gla_183551, gla_183577, gla_183578, gla_183579, gla_183605, gla_183606, gla_183607, gla_183661, gla_183662, gla_183663, gla_183745, gla_183746, gla_183747, gla_183829, gla_183830, gla_183831, gla_183857, gla_183858, gla_183859, gla_183913, gla_183941, gla_183942, gla_183943, gla_183969, gla_183970, gla_183971, gla_184025, gla_184334, gla_184335, gla_184336, gla_184337, gla_184338, gla_184339, gla_184340, gla_184341, gla_184418, gla_184419, gla_184420, gla_184421, gla_184422, gla_184423, gla_184424, gla_184425, gla_184794, gla_184795, gla_184796, gla_184797, gla_184798, gla_185062, gla_185063, gla_185064, gla_185535, gla_185536, gla_185537, gla_185538, gla_185539, gla_185540, gla_185541, gla_185542, gla_185571, gla_185572, gla_185573, gla_185574, gla_185575, gla_185576, gla_185577, gla_185578, gla_186367, gla_186368, gla_186369, gla_186370, gla_186371, gla_186833, gla_186834, gla_186835, gla_186861, gla_186862, gla_186863, gla_418467, gla_441053, gla_445281, gla_445849, gla_445850, pb-pswal, pb-pswh, pb-pswh-0.5-a, pb-pswh-1-a, pb-pswh-2.5-a, pb-satb, pb-sath, pb-sath-0.5-a, pb-sath-1-a, pb-sath-2.5-a, pb-satpg, pb-satpg-0.5-a, pb-satpg-1-a, pb-satpg-2.5-a, pb-swtb, pb-swth, pb-swtpg, pb-swtpg-0.5-a, pb-swtpg-1-a, pb-swtpg-2.5-a"
gla_446817,"Tortoise Forage & Habitat Seed Mix - 8-Species Drought-Tolerant - 10 lb, Covers 10,000 sq ft | Nature's Seed",Pasture Seeds > Pasture Seeds Mix > Mix for Tortoise Forage,pasture,190.39 USD,2296.12,7879.72,3.43,"12259452180464992562, 12974553985789960520, 6457921155476071782, gla_184431, gla_184432, gla_184433, gla_184434, gla_184435, gla_184436, gla_184437, gla_184438, gla_184439, gla_184440, gla_184575, gla_184576, gla_184577, gla_184578, gla_185321, gla_185322, gla_185323, gla_185324, gla_185955, gla_185956, gla_185957, gla_185958, gla_355806, gla_355807, gla_355808, gla_441551, gla_444240, gla_444250, gla_446817, gla_446818, gla_446819, pb-gpb, pb-gpb-0.5-a, pb-gpb-1-a, pb-gpb-2.5-a, pb-tort, pb-tort-1000-f, pb-tort-1500-f, pb-tort-2000-f, pb-tort-500-f, pb-tort-5000-f, pg-chin, pg-chin-1-lb, pg-chin-10-lb, pg-chin-25-lb, pg-chin-50-lb, pg-kopr, pg-kopr-1-lb, pg-kopr-10-lb, pg-kopr-25-lb, pg-kopr-50-lb, pg-rasa, pg-rasa-1-lb, pg-rasa-10-lb, pg-rasa-25-lb, pg-rasa-50-lb"
gla_440359,"Cattle Pasture Seed Mix - Cold Season Perennial Forage - 10 lb, Covers 20,000 sq ft | Nature's Seed",Pasture Seeds > Pasture Seeds Mix > Mix for Cow Forage,pasture,39.99 USD,2003.76,7185.29,3.59,"gla_183654, gla_183655, gla_183656, gla_183738, gla_183739, gla_183740, gla_183823, gla_183824, gla_183997, gla_183998, gla_183999, gla_185027, gla_185028, gla_185029, gla_185237, gla_185238, gla_185239, gla_185487, gla_185488, gla_185489, gla_185490, gla_185491, gla_185492, gla_185493, gla_185494, gla_186500, gla_186501, gla_186502, gla_186503, gla_186798, gla_186799, gla_186800, gla_355786, gla_355787, gla_355788, gla_440359, gla_446796, gla_446797, pb-glbc, pb-glbc-0.5-a, pb-glbc-1-a, pb-glbc-2.5-a, pb-gpbc, pb-gpbc-0.5-a, pb-gpbc-1-a, pb-gpbc-2.5-a, pb-gpdc, pb-iwbc, pb-iwbc-0.5-a, pb-iwbc-1-a, pb-iwbc-2.5-a, pg-atpo, pg-atpo-1-lb, pg-atpo-10-lb, pg-atpo-25-lb, pg-atpo-50-lb"
gla_446796,"Cattle Pasture Seed Mix - Cold Season Perennial Forage - 20 lb, Covers 40,000 sq ft | Nature's Seed",Pasture Seeds > Pasture Seeds Mix > Mix for Cow Forage,pasture,69.99 USD,2003.76,7185.29,3.59,"gla_183654, gla_183655, gla_183656, gla_183738, gla_183739, gla_183740, gla_183823, gla_183824, gla_183997, gla_183998, gla_183999, gla_185027, gla_185028, gla_185029, gla_185237, gla_185238, gla_185239, gla_185487, gla_185488, gla_185489, gla_185490, gla_185491, gla_185492, gla_185493, gla_185494, gla_186500, gla_186501, gla_186502, gla_186503, gla_186798, gla_186799, gla_186800, gla_355786, gla_355787, gla_355788, gla_440359, gla_446796, gla_446797, pb-glbc, pb-glbc-0.5-a, pb-glbc-1-a, pb-glbc-2.5-a, pb-gpbc, pb-gpbc-0.5-a, pb-gpbc-1-a, pb-gpbc-2.5-a, pb-gpdc, pb-iwbc, pb-iwbc-0.5-a, pb-iwbc-1-a, pb-iwbc-2.5-a, pg-atpo, pg-atpo-1-lb, pg-atpo-10-lb, pg-atpo-25-lb, pg-atpo-50-lb"
gla_446797,"Cattle Pasture Seed Mix - Cold Season Perennial Forage - 50 lb, Covers 100,000 sq ft | Nature's Seed",Pasture Seeds > Pasture Seeds Mix > Mix for Cow Forage,pasture,159.99 USD,2003.76,7185.29,3.59,"gla_183654, gla_183655, gla_183656, gla_183738, gla_183739, gla_183740, gla_183823, gla_183824, gla_183997, gla_183998, gla_183999, gla_185027, gla_185028, gla_185029, gla_185237, gla_185238, gla_185239, gla_185487, gla_185488, gla_185489, gla_185490, gla_185491, gla_185492, gla_185493, gla_185494, gla_186500, gla_186501, gla_186502, gla_186503, gla_186798, gla_186799, gla_186800, gla_355786, gla_355787, gla_355788, gla_440359, gla_446796, gla_446797, pb-glbc, pb-glbc-0.5-a, pb-glbc-1-a, pb-glbc-2.5-a, pb-gpbc, pb-gpbc-0.5-a, pb-gpbc-1-a, pb-gpbc-2.5-a, pb-gpdc, pb-iwbc, pb-iwbc-0.5-a, pb-iwbc-1-a, pb-iwbc-2.5-a, pg-atpo, pg-atpo-1-lb, pg-atpo-10-lb, pg-atpo-25-lb, pg-atpo-50-lb"
gla_445285,"Sheep Pasture Seed Mix - Transitional Zone, Drought-Tolerant - 10 lb, Covers 20,000 sq ft | Nature's Seed",Pasture Seeds > Pasture Seeds Mix > Mix for Sheep Forage,pasture,69.99 USD,1810.4,6568.66,3.63,"15785794808287785802, gla_183885, gla_183886, gla_183887, gla_183955, gla_183956, gla_183957, gla_184358, gla_184359, gla_184360, gla_184361, gla_184362, gla_184363, gla_184364, gla_184365, gla_184370, gla_184371, gla_184372, gla_184373, gla_184374, gla_184375, gla_184376, gla_184377, gla_406934, gla_406935, gla_406936, gla_445285, gla_445845, gla_445846, pb-pswhb, pb-pswhb-0.5-a, pb-pswhb-1-a, pb-pswhb-1000-f, pb-pswhb-1500-f, pb-pswhb-2.5-a, pb-pswhb-2000-f, pb-pswhb-500-f, pb-pswhb-5000-f, pb-psws, pb-psws-0.5-a, pb-psws-1-a, pb-psws-2.5-a, pb-satal, pb-sathb, pb-sathb-0.5-a, pb-sathb-1-a, pb-sathb-1000-f, pb-sathb-1500-f, pb-sathb-2.5-a, pb-sathb-2000-f, pb-sathb-500-f, pb-sathb-5000-f, pb-satp, pb-satp-1000-f, pb-satp-1500-f, pb-satp-2000-f, pb-satp-500-f, pb-satp-5000-f, pb-sats, pb-sats-0.5-a, pb-sats-1-a, pb-sats-2.5-a, pb-ssab-0.5-a, pb-ssab-1-a, pb-ssab-2.5-a, pb-ssah-0.5-a, pb-ssah-1-a, pb-ssah-2.5-a, pb-ssahb, pb-ssahb-0.5-a, pb-ssahb-1-a, pb-ssahb-1000-f, pb-ssahb-1500-f, pb-ssahb-2.5-a, pb-ssahb-2000-f, pb-ssahb-500-f, pb-ssahb-5000-f, pb-sshb, pb-sss, pb-sss-0.5-a, pb-sss-1-a, pb-sss-2.5-a, pb-swdh, pb-swdhb, pb-swdhb-0.5-a, pb-swdhb-1-a, pb-swdhb-1000-f, pb-swdhb-1500-f, pb-swdhb-2.5-a, pb-swdhb-2000-f, pb-swdhb-500-f, pb-swdhb-5000-f, pb-swds, pb-swds-0.5-a, pb-swds-1-a, pb-swds-2.5-a, pb-swtal, pb-swtal-0.5-a, pb-swtal-1-a, pb-swtal-2.5-a, pb-swtb-0.5-a, pb-swtb-1-a, pb-swtb-2.5-a, pb-swth-0.5-a, pb-swth-1-a, pb-swth-2.5-a, pb-swthb, pb-swthb-0.5-a, pb-swthb-1-a, pb-swthb-1000-f, pb-swthb-1500-f, pb-swthb-2.5-a, pb-swthb-2000-f, pb-swthb-500-f, pb-swthb-5000-f"
gla_445846,"Sheep Pasture Seed Mix - Transitional Zone, Drought-Tolerant - 20 lb, Covers 40,000 sq ft | Nature's Seed",Pasture Seeds > Pasture Seeds Mix > Mix for Sheep Forage,pasture,119.99 USD,1810.4,6568.66,3.63,"15785794808287785802, gla_183885, gla_183886, gla_183887, gla_183955, gla_183956, gla_183957, gla_184358, gla_184359, gla_184360, gla_184361, gla_184362, gla_184363, gla_184364, gla_184365, gla_184370, gla_184371, gla_184372, gla_184373, gla_184374, gla_184375, gla_184376, gla_184377, gla_406934, gla_406935, gla_406936, gla_445285, gla_445845, gla_445846, pb-pswhb, pb-pswhb-0.5-a, pb-pswhb-1-a, pb-pswhb-1000-f, pb-pswhb-1500-f, pb-pswhb-2.5-a, pb-pswhb-2000-f, pb-pswhb-500-f, pb-pswhb-5000-f, pb-psws, pb-psws-0.5-a, pb-psws-1-a, pb-psws-2.5-a, pb-satal, pb-sathb, pb-sathb-0.5-a, pb-sathb-1-a, pb-sathb-1000-f, pb-sathb-1500-f, pb-sathb-2.5-a, pb-sathb-2000-f, pb-sathb-500-f, pb-sathb-5000-f, pb-satp, pb-satp-1000-f, pb-satp-1500-f, pb-satp-2000-f, pb-satp-500-f, pb-satp-5000-f, pb-sats, pb-sats-0.5-a, pb-sats-1-a, pb-sats-2.5-a, pb-ssab-0.5-a, pb-ssab-1-a, pb-ssab-2.5-a, pb-ssah-0.5-a, pb-ssah-1-a, pb-ssah-2.5-a, pb-ssahb, pb-ssahb-0.5-a, pb-ssahb-1-a, pb-ssahb-1000-f, pb-ssahb-1500-f, pb-ssahb-2.5-a, pb-ssahb-2000-f, pb-ssahb-500-f, pb-ssahb-5000-f, pb-sshb, pb-sss, pb-sss-0.5-a, pb-sss-1-a, pb-sss-2.5-a, pb-swdh, pb-swdhb, pb-swdhb-0.5-a, pb-swdhb-1-a, pb-swdhb-1000-f, pb-swdhb-1500-f, pb-swdhb-2.5-a, pb-swdhb-2000-f, pb-swdhb-500-f, pb-swdhb-5000-f, pb-swds, pb-swds-0.5-a, pb-swds-1-a, pb-swds-2.5-a, pb-swtal, pb-swtal-0.5-a, pb-swtal-1-a, pb-swtal-2.5-a, pb-swtb-0.5-a, pb-swtb-1-a, pb-swtb-2.5-a, pb-swth-0.5-a, pb-swth-1-a, pb-swth-2.5-a, pb-swthb, pb-swthb-0.5-a, pb-swthb-1-a, pb-swthb-1000-f, pb-swthb-1500-f, pb-swthb-2.5-a, pb-swthb-2000-f, pb-swthb-500-f, pb-swthb-5000-f"
gla_445845,"Sheep Pasture Seed Mix - Transitional Zone, Drought-Tolerant - 50 lb, Covers 100,000 sq ft | Nature's Seed",Pasture Seeds > Pasture Seeds Mix > Mix for Sheep Forage,pasture,289.99 USD,1810.4,6568.66,3.63,"15785794808287785802, gla_183885, gla_183886, gla_183887, gla_183955, gla_183956, gla_183957, gla_184358, gla_184359, gla_184360, gla_184361, gla_184362, gla_184363, gla_184364, gla_184365, gla_184370, gla_184371, gla_184372, gla_184373, gla_184374, gla_184375, gla_184376, gla_184377, gla_406934, gla_406935, gla_406936, gla_445285, gla_445845, gla_445846, pb-pswhb, pb-pswhb-0.5-a, pb-pswhb-1-a, pb-pswhb-1000-f, pb-pswhb-1500-f, pb-pswhb-2.5-a, pb-pswhb-2000-f, pb-pswhb-500-f, pb-pswhb-5000-f, pb-psws, pb-psws-0.5-a, pb-psws-1-a, pb-psws-2.5-a, pb-satal, pb-sathb, pb-sathb-0.5-a, pb-sathb-1-a, pb-sathb-1000-f, pb-sathb-1500-f, pb-sathb-2.5-a, pb-sathb-2000-f, pb-sathb-500-f, pb-sathb-5000-f, pb-satp, pb-satp-1000-f, pb-satp-1500-f, pb-satp-2000-f, pb-satp-500-f, pb-satp-5000-f, pb-sats, pb-sats-0.5-a, pb-sats-1-a, pb-sats-2.5-a, pb-ssab-0.5-a, pb-ssab-1-a, pb-ssab-2.5-a, pb-ssah-0.5-a, pb-ssah-1-a, pb-ssah-2.5-a, pb-ssahb, pb-ssahb-0.5-a, pb-ssahb-1-a, pb-ssahb-1000-f, pb-ssahb-1500-f, pb-ssahb-2.5-a, pb-ssahb-2000-f, pb-ssahb-500-f, pb-ssahb-5000-f, pb-sshb, pb-sss, pb-sss-0.5-a, pb-sss-1-a, pb-sss-2.5-a, pb-swdh, pb-swdhb, pb-swdhb-0.5-a, pb-swdhb-1-a, pb-swdhb-1000-f, pb-swdhb-1500-f, pb-swdhb-2.5-a, pb-swdhb-2000-f, pb-swdhb-500-f, pb-swdhb-5000-f, pb-swds, pb-swds-0.5-a, pb-swds-1-a, pb-swds-2.5-a, pb-swtal, pb-swtal-0.5-a, pb-swtal-1-a, pb-swtal-2.5-a, pb-swtb-0.5-a, pb-swtb-1-a, pb-swtb-2.5-a, pb-swth-0.5-a, pb-swth-1-a, pb-swth-2.5-a, pb-swthb, pb-swthb-0.5-a, pb-swthb-1-a, pb-swthb-1000-f, pb-swthb-1500-f, pb-swthb-2.5-a, pb-swthb-2000-f, pb-swthb-500-f, pb-swthb-5000-f"
gla_445868,"Big Game Food Plot Seed Mix - High-Protein Deer & Livestock - 10 lb, Covers 20,000 sq ft | Nature's Seed",Pasture Seeds > Pasture Seeds Mix > Mix for Game Food Plot,pasture,29.99 USD,1893.77,4770.7,2.52,"gla_184936, gla_184937, gla_184938, gla_185083, gla_185084, gla_185085, gla_185090, gla_185091, gla_185092, gla_185097, gla_185098, gla_185099, gla_185104, gla_185105, gla_185106, gla_185111, gla_185112, gla_185113, gla_185125, gla_185126, gla_185127, gla_185132, gla_185133, gla_185134, gla_185139, gla_185140, gla_185141, gla_185153, gla_185154, gla_185155, gla_185167, gla_185168, gla_185169, gla_185174, gla_185176, gla_185181, gla_185182, gla_185183, gla_185188, gla_185189, gla_185190, gla_185195, gla_185196, gla_185197, gla_185209, gla_185210, gla_185211, gla_185223, gla_185224, gla_185225, gla_185230, gla_185231, gla_185232, gla_185244, gla_185245, gla_185246, gla_431995, gla_440361, gla_441504, gla_445264, gla_445867, gla_445868, pb-ftbg, pb-glbg, pb-glbg-0.5-a, pb-glbg-1-a, pb-glbg-2.5-a, pb-glec, pb-glug, pb-glug-0.5-a, pb-glug-1-a, pb-glug-2.5-a, pb-gpbg, pb-gpbg-0.5-a, pb-gpbg-1-a, pb-gpbg-2.5-a, pb-gpug, pb-gpug-0.5-a, pb-gpug-1-a, pb-gpug-2.5-a, pb-iwbg, pb-iwug, pb-iwug-0.5-a, pb-iwug-1-a, pb-iwug-2.5-a, pb-mwbg, pb-mwug, pb-mwug-0.5-a, pb-mwug-1-a, pb-mwug-2.5-a, pb-pnwbg, pb-pnwug, pb-pswbg, pb-pswbg-0.5-a, pb-pswbg-1-a, pb-pswbg-2.5-a, pb-pswug, pb-satbg, pb-satug, pb-satug-0.5-a, pb-satug-1-a, pb-satug-2.5-a, pb-ssabg, pb-ssabg-0.5-a, pb-ssabg-1-a, pb-ssabg-2.5-a, pb-ssaug, pb-ssaug-0.5-a, pb-ssaug-1-a, pb-ssaug-2.5-a, pb-ssbg, pb-ssbg-0.5-a, pb-ssbg-1-a, pb-ssbg-2.5-a, pb-ssug, pb-swdbg, pb-swdbg-0.5-a, pb-swdbg-1-a, pb-swdbg-2.5-a, pb-swdug, pb-swtbg, pb-swtbg-0.5-a, pb-swtbg-1-a, pb-swtbg-2.5-a"
gla_445867,"Big Game Food Plot Seed Mix - High-Protein Deer & Livestock - 20 lb, Covers 40,000 sq ft | Nature's Seed",Pasture Seeds > Pasture Seeds Mix > Mix for Game Food Plot,pasture,49.99 USD,1893.77,4770.7,2.52,"gla_184936, gla_184937, gla_184938, gla_185083, gla_185084, gla_185085, gla_185090, gla_185091, gla_185092, gla_185097, gla_185098, gla_185099, gla_185104, gla_185105, gla_185106, gla_185111, gla_185112, gla_185113, gla_185125, gla_185126, gla_185127, gla_185132, gla_185133, gla_185134, gla_185139, gla_185140, gla_185141, gla_185153, gla_185154, gla_185155, gla_185167, gla_185168, gla_185169, gla_185174, gla_185176, gla_185181, gla_185182, gla_185183, gla_185188, gla_185189, gla_185190, gla_185195, gla_185196, gla_185197, gla_185209, gla_185210, gla_185211, gla_185223, gla_185224, gla_185225, gla_185230, gla_185231, gla_185232, gla_185244, gla_185245, gla_185246, gla_431995, gla_440361, gla_441504, gla_445264, gla_445867, gla_445868, pb-ftbg, pb-glbg, pb-glbg-0.5-a, pb-glbg-1-a, pb-glbg-2.5-a, pb-glec, pb-glug, pb-glug-0.5-a, pb-glug-1-a, pb-glug-2.5-a, pb-gpbg, pb-gpbg-0.5-a, pb-gpbg-1-a, pb-gpbg-2.5-a, pb-gpug, pb-gpug-0.5-a, pb-gpug-1-a, pb-gpug-2.5-a, pb-iwbg, pb-iwug, pb-iwug-0.5-a, pb-iwug-1-a, pb-iwug-2.5-a, pb-mwbg, pb-mwug, pb-mwug-0.5-a, pb-mwug-1-a, pb-mwug-2.5-a, pb-pnwbg, pb-pnwug, pb-pswbg, pb-pswbg-0.5-a, pb-pswbg-1-a, pb-pswbg-2.5-a, pb-pswug, pb-satbg, pb-satug, pb-satug-0.5-a, pb-satug-1-a, pb-satug-2.5-a, pb-ssabg, pb-ssabg-0.5-a, pb-ssabg-1-a, pb-ssabg-2.5-a, pb-ssaug, pb-ssaug-0.5-a, pb-ssaug-1-a, pb-ssaug-2.5-a, pb-ssbg, pb-ssbg-0.5-a, pb-ssbg-1-a, pb-ssbg-2.5-a, pb-ssug, pb-swdbg, pb-swdbg-0.5-a, pb-swdbg-1-a, pb-swdbg-2.5-a, pb-swdug, pb-swtbg, pb-swtbg-0.5-a, pb-swtbg-1-a, pb-swtbg-2.5-a"
gla_445264,"Big Game Food Plot Seed Mix - High-Protein Deer & Livestock - 50 lb, Covers 100,000 sq ft | Nature's Seed",Pasture Seeds > Pasture Seeds Mix > Mix for Game Food Plot,pasture,119.99 USD,1893.77,4770.7,2.52,"gla_184936, gla_184937, gla_184938, gla_185083, gla_185084, gla_185085, gla_185090, gla_185091, gla_185092, gla_185097, gla_185098, gla_185099, gla_185104, gla_185105, gla_185106, gla_185111, gla_185112, gla_185113, gla_185125, gla_185126, gla_185127, gla_185132, gla_185133, gla_185134, gla_185139, gla_185140, gla_185141, gla_185153, gla_185154, gla_185155, gla_185167, gla_185168, gla_185169, gla_185174, gla_185176, gla_185181, gla_185182, gla_185183, gla_185188, gla_185189, gla_185190, gla_185195, gla_185196, gla_185197, gla_185209, gla_185210, gla_185211, gla_185223, gla_185224, gla_185225, gla_185230, gla_185231, gla_185232, gla_185244, gla_185245, gla_185246, gla_431995, gla_440361, gla_441504, gla_445264, gla_445867, gla_445868, pb-ftbg, pb-glbg, pb-glbg-0.5-a, pb-glbg-1-a, pb-glbg-2.5-a, pb-glec, pb-glug, pb-glug-0.5-a, pb-glug-1-a, pb-glug-2.5-a, pb-gpbg, pb-gpbg-0.5-a, pb-gpbg-1-a, pb-gpbg-2.5-a, pb-gpug, pb-gpug-0.5-a, pb-gpug-1-a, pb-gpug-2.5-a, pb-iwbg, pb-iwug, pb-iwug-0.5-a, pb-iwug-1-a, pb-iwug-2.5-a, pb-mwbg, pb-mwug, pb-mwug-0.5-a, pb-mwug-1-a, pb-mwug-2.5-a, pb-pnwbg, pb-pnwug, pb-pswbg, pb-pswbg-0.5-a, pb-pswbg-1-a, pb-pswbg-2.5-a, pb-pswug, pb-satbg, pb-satug, pb-satug-0.5-a, pb-satug-1-a, pb-satug-2.5-a, pb-ssabg, pb-ssabg-0.5-a, pb-ssabg-1-a, pb-ssabg-2.5-a, pb-ssaug, pb-ssaug-0.5-a, pb-ssaug-1-a, pb-ssaug-2.5-a, pb-ssbg, pb-ssbg-0.5-a, pb-ssbg-1-a, pb-ssbg-2.5-a, pb-ssug, pb-swdbg, pb-swdbg-0.5-a, pb-swdbg-1-a, pb-swdbg-2.5-a, pb-swdug, pb-swtbg, pb-swtbg-0.5-a, pb-swtbg-1-a, pb-swtbg-2.5-a"
gla_455945,"Shortgrass Prairie Seed Mix - Native Grass & Wildflower Blend - 10 lb, Covers 50,000 sq ft | Nature's Seed",Food Plot > Food Plot Mix Wildlife Attractor,pasture,149.99 USD,588.15,2824.35,4.8,"gla_355984, gla_355985, gla_355986, gla_355991, gla_355992, gla_355993, gla_455945, gla_455946, gla_455947, w-pepu-1-p, w-pepu-5-p, w-pepu-50-p"
gla_455946,"Shortgrass Prairie Seed Mix - Native Grass & Wildflower Blend - 20 lb, Covers 100,000 sq ft | Nature's Seed",Food Plot > Food Plot Mix Wildlife Attractor,pasture,288.98 USD,588.15,2824.35,4.8,"gla_355984, gla_355985, gla_355986, gla_355991, gla_355992, gla_355993, gla_455945, gla_455946, gla_455947, w-pepu-1-p, w-pepu-5-p, w-pepu-50-p"
gla_455947,"Shortgrass Prairie Seed Mix - Native Grass & Wildflower Blend - 5 lb, Covers 25,000 sq ft | Nature's Seed",Food Plot > Food Plot Mix Wildlife Attractor,pasture,84.99 USD,588.15,2824.35,4.8,"gla_355984, gla_355985, gla_355986, gla_355991, gla_355992, gla_355993, gla_455945, gla_455946, gla_455947, w-pepu-1-p, w-pepu-5-p, w-pepu-50-p"
gla_445871,"Cattle Pasture Seed Mix - Warm Season Southern Forage - 10 lb, Covers 20,000 sq ft | Nature's Seed",Pasture Seeds > Pasture Seeds Mix > Mix for Cow Forage,pasture,39.99 USD,684.09,2274.4,3.32,"1491961734777294612, gla_183689, gla_183690, gla_183691, gla_185202, gla_185203, gla_185204, gla_445262, gla_445870, gla_445871, pb-pswbc, pb-pswbc-0.5-a, pb-pswbc-1-a, pb-pswbc-2.5-a, pb-pswdc, pb-pswdc-0.5-a, pb-pswdc-1-a, pb-pswdc-2.5-a, pb-satbc, pb-satbc-0.5-a, pb-satbc-1-a, pb-satbc-2.5-a, pb-satdc, pb-satdc-0.5-a, pb-satdc-1-a, pb-satdc-2.5-a, pb-ssabc, pb-ssabc-0.5-a, pb-ssabc-1-a, pb-ssabc-2.5-a, pb-swddc, pb-swddc-0.5-a, pb-swddc-1-a, pb-swddc-2.5-a, pb-swtbc, pb-swtbc-0.5-a, pb-swtbc-1-a, pb-swtbc-2.5-a, pb-swtdc, pb-swtdc-0.5-a, pb-swtdc-1-a, pb-swtdc-2.5-a"
gla_445870,"Cattle Pasture Seed Mix - Warm Season Southern Forage - 20 lb, Covers 40,000 sq ft | Nature's Seed",Pasture Seeds > Pasture Seeds Mix > Mix for Cow Forage,pasture,69.99 USD,684.09,2274.4,3.32,"1491961734777294612, gla_183689, gla_183690, gla_183691, gla_185202, gla_185203, gla_185204, gla_445262, gla_445870, gla_445871, pb-pswbc, pb-pswbc-0.5-a, pb-pswbc-1-a, pb-pswbc-2.5-a, pb-pswdc, pb-pswdc-0.5-a, pb-pswdc-1-a, pb-pswdc-2.5-a, pb-satbc, pb-satbc-0.5-a, pb-satbc-1-a, pb-satbc-2.5-a, pb-satdc, pb-satdc-0.5-a, pb-satdc-1-a, pb-satdc-2.5-a, pb-ssabc, pb-ssabc-0.5-a, pb-ssabc-1-a, pb-ssabc-2.5-a, pb-swddc, pb-swddc-0.5-a, pb-swddc-1-a, pb-swddc-2.5-a, pb-swtbc, pb-swtbc-0.5-a, pb-swtbc-1-a, pb-swtbc-2.5-a, pb-swtdc, pb-swtdc-0.5-a, pb-swtdc-1-a, pb-swtdc-2.5-a"
gla_445262,"Cattle Pasture Seed Mix - Warm Season Southern Forage - 50 lb, Covers 100,000 sq ft | Nature's Seed",Pasture Seeds > Pasture Seeds Mix > Mix for Cow Forage,pasture,159.99 USD,684.09,2274.4,3.32,"1491961734777294612, gla_183689, gla_183690, gla_183691, gla_185202, gla_185203, gla_185204, gla_445262, gla_445870, gla_445871, pb-pswbc, pb-pswbc-0.5-a, pb-pswbc-1-a, pb-pswbc-2.5-a, pb-pswdc, pb-pswdc-0.5-a, pb-pswdc-1-a, pb-pswdc-2.5-a, pb-satbc, pb-satbc-0.5-a, pb-satbc-1-a, pb-satbc-2.5-a, pb-satdc, pb-satdc-0.5-a, pb-satdc-1-a, pb-satdc-2.5-a, pb-ssabc, pb-ssabc-0.5-a, pb-ssabc-1-a, pb-ssabc-2.5-a, pb-swddc, pb-swddc-0.5-a, pb-swddc-1-a, pb-swddc-2.5-a, pb-swtbc, pb-swtbc-0.5-a, pb-swtbc-1-a, pb-swtbc-2.5-a, pb-swtdc, pb-swtdc-0.5-a, pb-swtdc-1-a, pb-swtdc-2.5-a"
gla_459565,"Clover Food Plot Seed Mix - Duck & Quail Cover Crop - 10 lb, Covers 10,000 sq ft | Nature's Seed",Food Plot > Food Plot Mix Wildlife Attractor,clover,47.99 USD,524.62,1255.11,2.39,"1415406775714876435, gla_183437, gla_183438, gla_183439, gla_183440, gla_183441, gla_183442, gla_185939, gla_185940, gla_185941, gla_185942, gla_186453, gla_186454, gla_186455, gla_186456, gla_459565, gla_459566, gla_459567, pg-meof, pg-meof-1-lb, pg-meof-10-lb, pg-meof-25-lb, pg-meof-50-lb, pg-trci-n-1-lb, pg-trci-n-10-lb, pg-trci-n-25-lb, pg-trci-n-50-lb, pg-trfr, pg-trfr-1-lb, pg-trfr-10-lb, pg-trfr-25-lb, pg-trfr-50-lb, pg-trhi, pg-trhi-1-lb, pg-trhi-10-lb, pg-trhi-25-lb, pg-trhi-50-lb, pg-trwi-n-1-lb, pg-trwi-n-10-lb, pg-trwi-n-25-lb, pg-trwi-n-50-lb, w-orpu, w-orpu-0.25-lb, w-orpu-0.5-lb, w-orpu-1-lb, w-pepu, w-pepu-0.25-lb, w-pepu-0.5-lb, w-pepu-1-lb"
gla_459567,"Clover Food Plot Seed Mix - Duck & Quail Cover Crop - 20 lb, Covers 20,000 sq ft | Nature's Seed",Food Plot > Food Plot Mix Wildlife Attractor,clover,86.38 USD,524.62,1255.11,2.39,"1415406775714876435, gla_183437, gla_183438, gla_183439, gla_183440, gla_183441, gla_183442, gla_185939, gla_185940, gla_185941, gla_185942, gla_186453, gla_186454, gla_186455, gla_186456, gla_459565, gla_459566, gla_459567, pg-meof, pg-meof-1-lb, pg-meof-10-lb, pg-meof-25-lb, pg-meof-50-lb, pg-trci-n-1-lb, pg-trci-n-10-lb, pg-trci-n-25-lb, pg-trci-n-50-lb, pg-trfr, pg-trfr-1-lb, pg-trfr-10-lb, pg-trfr-25-lb, pg-trfr-50-lb, pg-trhi, pg-trhi-1-lb, pg-trhi-10-lb, pg-trhi-25-lb, pg-trhi-50-lb, pg-trwi-n-1-lb, pg-trwi-n-10-lb, pg-trwi-n-25-lb, pg-trwi-n-50-lb, w-orpu, w-orpu-0.25-lb, w-orpu-0.5-lb, w-orpu-1-lb, w-pepu, w-pepu-0.25-lb, w-pepu-0.5-lb, w-pepu-1-lb"
gla_459566,"Clover Food Plot Seed Mix - Duck & Quail Cover Crop - 50 lb, Covers 50,000 sq ft | Nature's Seed",Food Plot > Food Plot Mix Wildlife Attractor,clover,203.96 USD,524.62,1255.11,2.39,"1415406775714876435, gla_183437, gla_183438, gla_183439, gla_183440, gla_183441, gla_183442, gla_185939, gla_185940, gla_185941, gla_185942, gla_186453, gla_186454, gla_186455, gla_186456, gla_459565, gla_459566, gla_459567, pg-meof, pg-meof-1-lb, pg-meof-10-lb, pg-meof-25-lb, pg-meof-50-lb, pg-trci-n-1-lb, pg-trci-n-10-lb, pg-trci-n-25-lb, pg-trci-n-50-lb, pg-trfr, pg-trfr-1-lb, pg-trfr-10-lb, pg-trfr-25-lb, pg-trfr-50-lb, pg-trhi, pg-trhi-1-lb, pg-trhi-10-lb, pg-trhi-25-lb, pg-trhi-50-lb, pg-trwi-n-1-lb, pg-trwi-n-10-lb, pg-trwi-n-25-lb, pg-trwi-n-50-lb, w-orpu, w-orpu-0.25-lb, w-orpu-0.5-lb, w-orpu-1-lb, w-pepu, w-pepu-0.25-lb, w-pepu-0.5-lb, w-pepu-1-lb"
gla_445910,"Alpaca & Llama Pasture Seed Mix - Low-Sugar Forage Blend - 10 lb, Covers 20,000 sq ft | Nature's Seed",Pasture Seeds > Pasture Seeds Mix > Mix for Alpaca Forage,pasture,29.99 USD,137.4,994.58,7.24,"gla_440345, gla_445260, gla_445909, gla_445910, pb-gpal, pb-gpal-0.5-a, pb-gpal-1-a, pb-gpal-2.5-a, pb-mwal, pb-mwal-0.5-a, pb-mwal-1-a, pb-mwal-2.5-a"
gla_445909,"Alpaca & Llama Pasture Seed Mix - Low-Sugar Forage Blend - 20 lb, Covers 40,000 sq ft | Nature's Seed",Pasture Seeds > Pasture Seeds Mix > Mix for Alpaca Forage,pasture,49.99 USD,137.4,994.58,7.24,"gla_440345, gla_445260, gla_445909, gla_445910, pb-gpal, pb-gpal-0.5-a, pb-gpal-1-a, pb-gpal-2.5-a, pb-mwal, pb-mwal-0.5-a, pb-mwal-1-a, pb-mwal-2.5-a"
gla_445260,"Alpaca & Llama Pasture Seed Mix - Low-Sugar Forage Blend - 50 lb, Covers 100,000 sq ft | Nature's Seed",Pasture Seeds > Pasture Seeds Mix > Mix for Alpaca Forage,pasture,119.99 USD,137.4,994.58,7.24,"gla_440345, gla_445260, gla_445909, gla_445910, pb-gpal, pb-gpal-0.5-a, pb-gpal-1-a, pb-gpal-2.5-a, pb-mwal, pb-mwal-0.5-a, pb-mwal-1-a, pb-mwal-2.5-a"
gla_455513,"Green Screen Food Plot Seed Mix - Deer & Wildlife Cover - 10 lb, Covers 40,000 sq ft | Nature's Seed",Food Plot > Food Plot Mix Wildlife Attractor,pasture,35.99 USD,278.09,746.45,2.68,"gla_455513, gla_455514, gla_455515"
gla_455514,"Green Screen Food Plot Seed Mix - Deer & Wildlife Cover - 20 lb, Covers 85,000 sq ft | Nature's Seed",Food Plot > Food Plot Mix Wildlife Attractor,pasture,64.79 USD,278.09,746.45,2.68,"gla_455513, gla_455514, gla_455515"
gla_455515,"Green Screen Food Plot Seed Mix - Deer & Wildlife Cover - 50 lb, Covers 215,000 sq ft | Nature's Seed",Food Plot > Food Plot Mix Wildlife Attractor,pasture,152.99 USD,278.09,746.45,2.68,"gla_455513, gla_455514, gla_455515"
gla_455528,"Shade Food Plot Seed Mix - Deer & Wildlife Forage Blend - 10 lb, Covers 2,000 sq ft | Nature's Seed",Food Plot > Food Plot Mix Wildlife Attractor,pasture,113.99 USD,61.81,210.7,3.41,"gla_187126, gla_187129, gla_187130, gla_441522, gla_441529, gla_444217, gla_455528, gla_455529, gla_455530, turf-ws, turf-ws-1000-f, turf-ws-1500-f, turf-ws-2000-f, turf-ws-500-f, turf-ws-5000-f"
gla_455529,"Shade Food Plot Seed Mix - Deer & Wildlife Forage Blend - 20 lb, Covers 4,000 sq ft | Nature's Seed",Food Plot > Food Plot Mix Wildlife Attractor,pasture,205.19 USD,61.81,210.7,3.41,"gla_187126, gla_187129, gla_187130, gla_441522, gla_441529, gla_444217, gla_455528, gla_455529, gla_455530, turf-ws, turf-ws-1000-f, turf-ws-1500-f, turf-ws-2000-f, turf-ws-500-f, turf-ws-5000-f"
gla_455530,"Shade Food Plot Seed Mix - Deer & Wildlife Forage Blend - 50 lb, Covers 10,000 sq ft | Nature's Seed",Food Plot > Food Plot Mix Wildlife Attractor,pasture,484.49 USD,61.81,210.7,3.41,"gla_187126, gla_187129, gla_187130, gla_441522, gla_441529, gla_444217, gla_455528, gla_455529, gla_455530, turf-ws, turf-ws-1000-f, turf-ws-1500-f, turf-ws-2000-f, turf-ws-500-f, turf-ws-5000-f"
gla_445283,"Pig Pasture & Forage Seed Mix - High-Protein, Multi-Region - 10 lb,  | Nature's Seed",Pasture Seeds > Pasture Seeds Mix > Mix for Pig Forage,pasture,49.99 USD,110.8,136.17,1.23,"gla_440378, gla_445283, gla_445831, gla_445832"
gla_445831,"Pig Pasture & Forage Seed Mix - High-Protein, Multi-Region - 20 lb, Covers 40,000 sq ft | Nature's Seed",Pasture Seeds > Pasture Seeds Mix > Mix for Pig Forage,pasture,79.99 USD,110.8,136.17,1.23,"gla_440378, gla_445283, gla_445831, gla_445832"
gla_445832,"Pig Pasture & Forage Seed Mix - High-Protein, Multi-Region - 50 lb, Covers 100,000 sq ft | Nature's Seed",Pasture Seeds > Pasture Seeds Mix > Mix for Pig Forage,pasture,209.99 USD,110.8,136.17,1.23,"gla_440378, gla_445283, gla_445831, gla_445832"
gla_455524,"Deer Food Plot Seed Mix (Krunch & Munch) - Wildlife Forage - 10 lb, Covers 1,000 sq ft | Nature's Seed",Food Plot > Food Plot Mix Wildlife Attractor,pasture,29.99 USD,31.05,101.21,3.26,"gla_455524, gla_455525, gla_455526"
gla_455525,"Deer Food Plot Seed Mix (Krunch & Munch) - Wildlife Forage - 20 lb, Covers 2,000 sq ft | Nature's Seed",Food Plot > Food Plot Mix Wildlife Attractor,pasture,53.99 USD,31.05,101.21,3.26,"gla_455524, gla_455525, gla_455526"
gla_455526,"Deer Food Plot Seed Mix (Krunch & Munch) - Wildlife Forage - 50 lb, Covers 5,000 sq ft | Nature's Seed",Food Plot > Food Plot Mix Wildlife Attractor,pasture,127.49 USD,31.05,101.21,3.26,"gla_455524, gla_455525, gla_455526"
gla_459582,"Upland Game Bird Food Plot Seed - Duck & Quail Attractor - 10 lb, Covers 5,000 sq ft | Nature's Seed",Food Plot > Food Plot Mix Wildlife Attractor,pasture,24.99 USD,62.33,70.94,1.14,"gla_459582, gla_459583, gla_459584"
gla_459583,"Upland Game Bird Food Plot Seed - Duck & Quail Attractor - 20 lb, Covers 10,000 sq ft | Nature's Seed",Food Plot > Food Plot Mix Wildlife Attractor,pasture,44.98 USD,62.33,70.94,1.14,"gla_459582, gla_459583, gla_459584"
gla_459584,"Upland Game Bird Food Plot Seed - Duck & Quail Attractor - 50 lb, Covers 25,000 sq ft | Nature's Seed",Food Plot > Food Plot Mix Wildlife Attractor,pasture,106.21 USD,62.33,70.94,1.14,"gla_459582, gla_459583, gla_459584"
gla_455934,"Short Prairie Pasture Seed Mix - Fast-Growing Forage Blend - 10 lb, Covers 50,000 sq ft | Nature's Seed",Food Plot > Food Plot Mix Wildlife Attractor,pasture,159.99 USD,71.36,64.63,0.91,"gla_455933, gla_455934, gla_455935"
gla_455935,"Short Prairie Pasture Seed Mix - Fast-Growing Forage Blend - 20 lb, Covers 100,000 sq ft | Nature's Seed",Food Plot > Food Plot Mix Wildlife Attractor,pasture,304.99 USD,71.36,64.63,0.91,"gla_455933, gla_455934, gla_455935"
gla_455933,"Short Prairie Pasture Seed Mix - Fast-Growing Forage Blend - 5 lb, Covers 25,000 sq ft | Nature's Seed",Food Plot > Food Plot Mix Wildlife Attractor,pasture,89.99 USD,71.36,64.63,0.91,"gla_455933, gla_455934, gla_455935"
gla_455517,"Deer Food Plot Seed Mix (Full Potential) - Wildlife Forage Blend - 10 lb, Covers 1,000 sq ft | Nature's Seed",Food Plot > Food Plot Mix Wildlife Attractor,pasture,111.99 USD,70.95,32.11,0.45,"gla_455517, gla_455518, gla_455519"
gla_455518,"Deer Food Plot Seed Mix (Full Potential) - Wildlife Forage Blend - 20 lb, Covers 2,000 sq ft | Nature's Seed",Food Plot > Food Plot Mix Wildlife Attractor,pasture,201.59 USD,70.95,32.11,0.45,"gla_455517, gla_455518, gla_455519"
gla_455519,"Deer Food Plot Seed Mix (Full Potential) - Wildlife Forage Blend - 50 lb, Covers 5,000 sq ft | Nature's Seed",Food Plot > Food Plot Mix Wildlife Attractor,pasture,475.99 USD,70.95,32.11,0.45,"gla_455517, gla_455518, gla_455519"
gla_455451,"Plains Prairie Seed Mix - Native Wildflower & Grass for Pollinators - 16 lb, Covers 3,000 sq ft | Nature's Seed",Food Plot > Food Plot Mix Wildlife Attractor,pasture,1104.99 USD,39.56,21.86,0.55,"gla_455450, gla_455451, gla_455452"
gla_455452,"Plains Prairie Seed Mix - Native Wildflower & Grass for Pollinators - 4 lb, Covers 800 sq ft | Nature's Seed",Food Plot > Food Plot Mix Wildlife Attractor,pasture,259.99 USD,39.56,21.86,0.55,"gla_455450, gla_455451, gla_455452"
gla_455450,"Plains Prairie Seed Mix - Native Wildflower & Grass for Pollinators - 8 lb, Covers 1,000 sq ft | Nature's Seed",Food Plot > Food Plot Mix Wildlife Attractor,pasture,467.99 USD,39.56,21.86,0.55,"gla_455450, gla_455451, gla_455452"
