source,destination
/california-seeds,/products/california-seeds
/clover-seed-planting-instructions,/resources/lawn-turf/clover-seed-planting-instructions
/grass-seed,/products/grass-seed
/grass-seed/bermuda-grass,/resources/lawn-turf/how-to-plant-and-grow
/grass-seed/bermuda-grass/repairing-flood-damagae-in-a-bermuda-grass-lawn,/resources/lawn-turf/how-to-plant-and-grow
/grass-seed/buffalograss,/products/grass-seed
/grass-seed/buffalograss/planting-a-buffalograss-lawn,/products/grass-seed
/grass-seed/california,/products/wildflower-seed/california-bush-sunflower
/grass-seed/clover-seeds-lawn-additive,/products/clover-seed
/grass-seed/clover-seeds-lawn-additive/white-dutch-clover,/products/clover-seed/white-dutch-clover
/grass-seed/delaware,/products/grass-seed
/grass-seed/fescue-grass,/resources/lawn-turf/fescue-grass-seed-for-shady-areas
/grass-seed/fescue-grass/fescue-grass-seed-for-shady-areas,/resources/lawn-turf/fescue-grass-seed-for-shady-areas
/grass-seed/fescue-grass/fine-fescue-grass-seed,/products/grass-seed
/grass-seed/fescue-grass/fine-fescue-grass-seed-mix,/products/grass-seed
/grass-seed/fescue-grass/k-31-tall-fescue,/products/grass-seed
/grass-seed/fescue-grass/sheep-fescue-grass-seed,/products/grass-seed
/grass-seed/fescue-grass/triple-play-tall-fescue-seed-blend,/products/grass-seed
/grass-seed/florida,/products/grass-seed
/grass-seed/how-to-prepare-soil-for-grass-seed,/resources/lawn-turf/how-to-prepare-soil-for-grass-seed
/grass-seed/iowa,/products/grass-seed
/grass-seed/kentucky-bluegrass/how-much-sun-or-shade-does-a-bluegrass-seed-lawn-require,/resources/lawn-turf/how-much-sun-or-shade-does-a-bluegrass-seed-lawn-require
/grass-seed/lawn-grass-seed-types,/products/grass-seed
/grass-seed/new-hampshire,/products/grass-seed
/grass-seed/north-carolina,/products/grass-seed
/grass-seed/ohio,/products/grass-seed
/grass-seed/oklahoma,/products/grass-seed
/grass-seed/ornamental-grasses/blue-grama,/products/grass-seed
/grass-seed/ornamental-grasses/little-bluestem,/products/grass-seed
/grass-seed/perennial-ryegrass,/products/pasture-seed/perennial-ryegrass
/grass-seed/perennial-ryegrass/how-to-plant-and-grow,/resources/lawn-turf/how-to-plant-and-grow
/grass-seed/tennessee,/products/grass-seed
/grass-seed/texas,/products/wildflower-seed/texas-bluebonnet-seeds
/grass-seed/washington,/products/grass-seed
/index.php/pasture-seed/sheep-pastures,/products/pasture-seed
/main-category-pdp/pasture-seed,/resources/agriculture/pasture-seed-planting-instructions
/pasture-seed/alpaca-llama-pastures,/products/pasture-seed
/pasture-seed/bison-pastures,/products/pasture-seed
/pasture-seed/by-region/florida-tropics-pasture-seed,/products/pasture-seed
/pasture-seed/by-region/south-atlantic-transitional-pasture-seed,/products/pasture-seed
/pasture-seed/by-region/southern-subtropics-pasture-seed,/products/pasture-seed
/pasture-seed/by-region/southwest-desert-pasture-seed,/products/pasture-seed
/pasture-seed/by-region/southwest-semi-arid-steppe-pasture-seed,/products/pasture-seed
/pasture-seed/cattle-pastures/beef-cattle-forage,/products/pasture-seed
/pasture-seed/chicken-forage-seed-mixes,/products/pasture-seed
/pasture-seed/chicken-pasture-mix,/products/pasture-seed
/pasture-seed/horse-pastures/pacific-northwest-horse-forage-mix,/products/pasture-seed/horse-pastures-seed
/pasture-seed/individual-pasture-species/big-four-native-erosion-control-mix-2,/products/specialty-seed/big-four-native-erosion-control-mix-2
/pasture-seed/individual-pasture-species/buffalograss,/products/pasture-seed/individual-pasture-species
/pasture-seed/individual-pasture-species/forage-chicory,/products/pasture-seed/individual-pasture-species
/pasture-seed/individual-pasture-species/smooth-brome,/products/pasture-seed/individual-pasture-species
/pasture-seed/individual-pasture-species/timothy,/products/pasture-seed/individual-pasture-species
/pasture-seed/pig-pastures,/products/pasture-seed
/pasture-seed/poultry-pasture/poultry-forage-mix,/products/pasture-seed
/planting-guides/clover-seed-planting-instructions,/resources/lawn-turf/clover-seed-planting-instructions
