variation_url,canonical_url,impressions
https://naturesseed.com/products/clover-seed/white-clover/?per_row=3&shop_view=grid&per_page=18,https://naturesseed.com/products/clover-seed/white-clover,462
https://naturesseed.com/products/clover-seed/alsike-clover-seed/?343906=qgnuj,https://naturesseed.com/products/clover-seed/alsike-clover-seed,426
https://naturesseed.com/products/pasture-seed/switchgrass-seed?whb-header-frontend=header_734196,https://naturesseed.com/products/pasture-seed/switchgrass-seed,197
https://naturesseed.com/products/clover-seed/white-dutch-clover?whb-header-frontend=header_734196,https://naturesseed.com/products/clover-seed/white-dutch-clover,149
https://naturesseed.com/products/?per_page=9,https://naturesseed.com/products,90
https://naturesseed.com/products/grass-seed/sundancer-buffalograss-seed/?variation_id=457051&attribute_size=3+lb+-+Covers+1%2C000+Sq+Ft,https://naturesseed.com/products/grass-seed/sundancer-buffalograss-seed,88
https://naturesseed.com/products/grass-seed/kentucky-bluegrass-seed-blue-ribbon-mix/?variation_id=449901&attribute_size=10+lb+-+Covers+2%2C000+Sq+Ft,https://naturesseed.com/products/grass-seed/kentucky-bluegrass-seed-blue-ribbon-mix,84
https://naturesseed.com/products/?post_type=product&per_page=9,https://naturesseed.com/products,74
https://naturesseed.com/products/?per_page=24,https://naturesseed.com/products,69
https://naturesseed.com/products/grass-seed/kentucky-bluegrass-seed-blue-ribbon-mix/?variation_id=445413&attribute_size=5+lb+-+Covers+1%2C000+Sq+Ft,https://naturesseed.com/products/grass-seed/kentucky-bluegrass-seed-blue-ribbon-mix,57
https://naturesseed.com/products/planting-aids/organic-seed-starter-fertilizer-4-6-4?add-to-cart=444226,https://naturesseed.com/products/planting-aids/organic-seed-starter-fertilizer-4-6-4,57
https://naturesseed.com/products/grass-seed/?per_page=12&page=3,https://naturesseed.com/products/grass-seed,53
https://naturesseed.com/products/pasture-seed/horse-pasture-mix-transitional/?variation_id=445282&attribute_size=20+lb+-+Covers+40%2C000+Sq+Ft,https://naturesseed.com/products/pasture-seed/horse-pasture-mix-transitional,53
https://naturesseed.com/products/pasture-seed/cattle-dairy-cow-pasture-mix-cold-warm-season/?variation_id=446796&attribute_size=20+lb+-+Covers+40%2C000+Sq+Ft,https://naturesseed.com/products/pasture-seed/cattle-dairy-cow-pasture-mix-cold-warm-season,52
https://naturesseed.com/products/grass-seed/?gad_source=1&gad_campaignid=23301897793&gbraid=0AAAAADqdhgLUuO3mqJFlcTctVcjqWLXD0&gclid=EAIaIQobChMI27adp4LukgMVnT1ECB3LKihNEAAYASADEgIAufD_BwE&page=3,https://naturesseed.com/products/grass-seed,52
https://naturesseed.com/products/pasture-seed/horse-pasture-mix-cold-season/?variation_id=445860&attribute_size=20+lb+-+Covers+40%2C000+Sq+Ft,https://naturesseed.com/products/pasture-seed/horse-pasture-mix-cold-season,49
https://naturesseed.com/products/pasture-seed/poultry-forage-mix/?variation_id=445869&attribute_size=5+lb+-+Covers+10%2C000+Sq+Ft,https://naturesseed.com/products/pasture-seed/poultry-forage-mix,49
https://naturesseed.com/products/pasture-seed/buffalograss/?variation_id=445486&attribute_size=5+lb+-+Covers+20%2C000+Sq+Ft,https://naturesseed.com/products/pasture-seed/buffalograss,49
https://naturesseed.com/products/pasture-seed/orchardgrass/?variation_id=445463&attribute_size=5+lb+-+Covers+10%2C000+Sq+Ft,https://naturesseed.com/products/pasture-seed/orchardgrass,48
https://naturesseed.com/products/clover-seed/white-dutch-clover/?variation_id=447282&attribute_size=5+lb+-+Covers+10%2C000+Sq+Ft,https://naturesseed.com/products/clover-seed/white-dutch-clover,46
https://naturesseed.com/products/pasture-seed/cattle-dairy-cow-pasture-mix-cold-warm-season/?variation_id=446797&attribute_size=50+lb+-+Covers+100%2C000+Sq+Ft,https://naturesseed.com/products/pasture-seed/cattle-dairy-cow-pasture-mix-cold-warm-season,45
https://naturesseed.com/products/grass-seed/twca-water-wise-sun-shade-mix/?variation_id=447116&attribute_size=5+lb+-+Covers+1%2C000+Sq+Ft,https://naturesseed.com/products/grass-seed/twca-water-wise-sun-shade-mix,44
https://naturesseed.com/products/planting-aids/rice-hull?attribute_pa_c2c_coverage_area=5-lbs-500-1000-sq-ft-for-lawns,https://naturesseed.com/products/planting-aids/rice-hull,41
https://naturesseed.com/products/california-seeds?uses=74,https://naturesseed.com/products/california-seeds,40
https://naturesseed.com/products/grass-seed/?page=2,https://naturesseed.com/products/grass-seed,40
https://naturesseed.com/products/wildflower-seeds/california-poppy/?attribute_pa_c2c_pounds=1lb,https://naturesseed.com/products/wildflower-seeds/california-poppy,38
https://naturesseed.com/products/clover-seed/white-dutch-clover/?variation_id=447280&attribute_size=10+lb+-+Covers+20%2C000+Sq+Ft,https://naturesseed.com/products/clover-seed/white-dutch-clover,37
https://naturesseed.com/products/grass-seed/california-native-lawn-alternative-mix/?variation_id=445540&attribute_size=5+lb+-+Covers+2%2C000+Sq+Ft,https://naturesseed.com/products/grass-seed/california-native-lawn-alternative-mix,37
https://naturesseed.com/products/grass-seed/kentucky-bluegrass-seed-blue-ribbon-mix/?variation_id=449902&attribute_size=25+lb+-+Covers+5%2C000+Sq+Ft,https://naturesseed.com/products/grass-seed/kentucky-bluegrass-seed-blue-ribbon-mix,36
https://naturesseed.com/products/grass-seed/triblade-elite-fescue-lawn-mix/?variation_id=445170&attribute_size=5+lb+-+Covers+1%2C000+Sq+Ft,https://naturesseed.com/products/grass-seed/triblade-elite-fescue-lawn-mix,36
https://naturesseed.com/products/specialty-seed/?page=4,https://naturesseed.com/products/specialty-seed,36
https://naturesseed.com/products/pasture-seed/horse-pasture-mix-cold-season/?variation_id=445280&attribute_size=50+lb+-+Covers+100%2C000+Sq+Ft,https://naturesseed.com/products/pasture-seed/horse-pasture-mix-cold-season,34
https://naturesseed.com/products/california-seeds?life_form=113&page=3,https://naturesseed.com/products/california-seeds,34
https://naturesseed.com/products/specialty-seed/?gad_source=1&gbraid=0AAAAADqdhgJYyFtySWMiCaNhMQBoTwngD&gclid=CjwKCAiA3Na5BhAZEiwAzrfagJCLpUiETay5-RJ-9Vy_PAQpztzkOfcDen3SsBuyx66jIzCLMv2l9xoCoygQAvD_BwE&page=2,https://naturesseed.com/products/specialty-seed,34
https://naturesseed.com/products/pasture-seed/cereal-rye/?variation_id=445895&attribute_size=5+lb+-+Covers+20%2C000+Sq+Ft,https://naturesseed.com/products/pasture-seed/cereal-rye,32
https://naturesseed.com/grass-seed/ornamental-grasses/blue-grama?attribute_pa_c2c_coverage_area=5-lbs-10000-sq-ft,https://naturesseed.com/grass-seed/ornamental-grasses/blue-grama,30
https://naturesseed.com/pasture-seed/individual-pasture-species/common-bermudagrass/?attribute_pa_c2c_coverage_area=50-lbs-100000-sq-ft,https://naturesseed.com/pasture-seed/individual-pasture-species/common-bermudagrass,30
https://naturesseed.com/products/california-seeds?gad_source=1&gclid=Cj0KCQiAmNeqBhD4ARIsADsYfTdw13fbDH9vqNydYtGBjISojzHRoJH62isUwoPDF5gkZY4tTJeScNsaAq_XEALw_wcB,https://naturesseed.com/products/california-seeds,29
https://naturesseed.com/product/cattle-dairy-cow-pasture-mix-cold-warm-season/?attribute_pa_c2c_coverage_area=10-lbs-20000-sq-ft,https://naturesseed.com/product/cattle-dairy-cow-pasture-mix-cold-warm-season,28
https://naturesseed.com/products/grass-seed/fine-fescue-grass-seed-mix/?variation_id=445905&attribute_size=10+lb+-+Covers+2%2C000+Sq+Ft,https://naturesseed.com/products/grass-seed/fine-fescue-grass-seed-mix,28
https://naturesseed.com/products/pasture-seed/horse-pasture-mix-cold-season/?variation_id=445861&attribute_size=10+lb+-+Covers+20%2C000+Sq+Ft,https://naturesseed.com/products/pasture-seed/horse-pasture-mix-cold-season,27
https://naturesseed.com/products/grass-seed/twca-water-wise-sun-shade-mix/?variation_id=447117&attribute_size=25+lb+-+Covers+5%2C000+Sq+Ft,https://naturesseed.com/products/grass-seed/twca-water-wise-sun-shade-mix,27
https://naturesseed.com/products/california-seeds?gad_source=1&gclid=Cj0KCQiAmNeqBhD4ARIsADsYfTdw13fbDH9vqNydYtGBjISojzHRoJH62isUwoPDF5gkZY4tTJeScNsaAq_XEALw_wcB&page=3,https://naturesseed.com/products/california-seeds,27
https://naturesseed.com/products/pasture-seed/goat-pasture-forage-mix-transitional/?variation_id=445856&attribute_size=20+lb+-+Covers+40%2C000+Sq+Ft,https://naturesseed.com/products/pasture-seed/goat-pasture-forage-mix-transitional,27
https://naturesseed.com/products/grass-seed/triblade-elite-fescue-lawn-mix/?variation_id=445907&attribute_size=10+lb+-+Covers+2%2C000+Sq+Ft,https://naturesseed.com/products/grass-seed/triblade-elite-fescue-lawn-mix,27
https://naturesseed.com/products/pasture-seeds/buffalograss/?attribute_pa_c2c_coverage_area=50-lbs-100000-sq-ft,https://naturesseed.com/products/pasture-seeds/buffalograss,27
https://naturesseed.com/products/grass-seed/fine-fescue-grass-seed-mix/?variation_id=445904&attribute_size=25+lb+-+Covers+5%2C000+Sq+Ft,https://naturesseed.com/products/grass-seed/fine-fescue-grass-seed-mix,26
https://naturesseed.com/products/pasture-seed/cattle-dairy-cow-pasture-mix-cold-warm-season/?variation_id=446795&attribute_size=10+lb+-+Covers+20%2C000+Sq+Ft,https://naturesseed.com/products/pasture-seed/cattle-dairy-cow-pasture-mix-cold-warm-season,25
https://naturesseed.com/products/wildflower-seed/?per_page=24&page=3,https://naturesseed.com/products/wildflower-seed,25
https://naturesseed.com/products/pasture-seed/dryland-pasture-mix/?variation_id=459554&attribute_pa_coverage-area=20-lbs-10000-sq-ft,https://naturesseed.com/products/pasture-seed/dryland-pasture-mix,24
https://naturesseed.com/products/pasture-seed/goat-pasture-forage-mix-transitional/?variation_id=445857&attribute_size=10+lb+-+Covers+20%2C000+Sq+Ft,https://naturesseed.com/products/pasture-seed/goat-pasture-forage-mix-transitional,23
https://naturesseed.com/products/grass-seed/bermudagrass-seed-blend/?variation_id=445855&attribute_size=5+lb+-+Covers+1%2C000+Sq+Ft,https://naturesseed.com/products/grass-seed/bermudagrass-seed-blend,22
https://naturesseed.com/products/grass-seed/clover-lawn-alternative-mix/?variation_id=458447&attribute_pa_coverage-area=5-lbs-1000-sq-ft,https://naturesseed.com/products/grass-seed/clover-lawn-alternative-mix,22
https://naturesseed.com/products/pasture-seed/tall-fescue/?variation_id=445458&attribute_size=5+lb+-+Covers+10%2C000+Sq+Ft,https://naturesseed.com/products/pasture-seed/tall-fescue,22
https://naturesseed.com/products/pasture-seed/orchardgrass/?variation_id=446810&attribute_size=50+lb+-+Covers+100%2C000+Sq+Ft,https://naturesseed.com/products/pasture-seed/orchardgrass,22
https://naturesseed.com/products/pasture-seed/?page=2,https://naturesseed.com/products/pasture-seed,21
https://naturesseed.com/products/pasture-seed/tall-fescue/?variation_id=446821&attribute_size=50+lb+-+Covers+100%2C000+Sq+Ft,https://naturesseed.com/products/pasture-seed/tall-fescue,21
https://naturesseed.com/products/pasture-seeds/tortoise-forage-mix/?attribute_pa_c2c_coverage_area=2-lbs-2000-sq-ft,https://naturesseed.com/products/pasture-seeds/tortoise-forage-mix,21
https://naturesseed.com/products/grass-seed/twca-water-wise-shade-mix/?variation_id=451768&attribute_size=25+lb+-+Covers+5%2C000+Sq+Ft,https://naturesseed.com/products/grass-seed/twca-water-wise-shade-mix,19
https://naturesseed.com/products/grass-seed/california-native-lawn-alternative-mix/?variation_id=447323&attribute_size=25+lb+-+Covers+10%2C000+Sq+Ft,https://naturesseed.com/products/grass-seed/california-native-lawn-alternative-mix,19
https://naturesseed.com/products/pasture-seed/cereal-rye/?variation_id=445893&attribute_size=50+lb+-+Covers+100%2C000+Sq+Ft,https://naturesseed.com/products/pasture-seed/cereal-rye,19
https://naturesseed.com/product/big-game-food-plot-forage-mix/?attribute_pa_c2c_coverage_area=10-lbs-20000-sq-ft,https://naturesseed.com/product/big-game-food-plot-forage-mix,19
https://naturesseed.com/product/premium-pet-kid-friendly-bluegrass-bundle/?variation_id=452707&attribute_size=10+lb+-+Covers+2%2C000+Sq+Ft,https://naturesseed.com/product/premium-pet-kid-friendly-bluegrass-bundle,19
https://naturesseed.com/products/pasture-seed/sheep-pasture-forage-mix-cold-season/?variation_id=445844&attribute_size=20+lb+-+Covers+40%2C000+Sq+Ft,https://naturesseed.com/products/pasture-seed/sheep-pasture-forage-mix-cold-season,19
https://naturesseed.com/products/pasture-seed/horse-pasture-mix-transitional/?variation_id=445851&attribute_size=50+lb+-+Covers+100%2C000+Sq+Ft,https://naturesseed.com/products/pasture-seed/horse-pasture-mix-transitional,18
https://naturesseed.com/products/pasture-seed/goat-pasture-forage-mix-transitional/?variation_id=445278&attribute_size=50+lb+-+Covers+100%2C000+Sq+Ft,https://naturesseed.com/products/pasture-seed/goat-pasture-forage-mix-transitional,18
https://naturesseed.com/products/pasture-seed/sheep-pasture-forage-mix-cold-season/?variation_id=445843&attribute_size=50+lb+-+Covers+100%2C000+Sq+Ft,https://naturesseed.com/products/pasture-seed/sheep-pasture-forage-mix-cold-season,18
https://naturesseed.com/products/planting-aids/organic-seed-starter-fertilizer-4-6-4?add-to-cart=445123,https://naturesseed.com/products/planting-aids/organic-seed-starter-fertilizer-4-6-4,18
https://naturesseed.com/products/grass-seed/fine-fescue-grass-seed-mix/?variation_id=445185&attribute_size=5+lb+-+Covers+1%2C000+Sq+Ft,https://naturesseed.com/products/grass-seed/fine-fescue-grass-seed-mix,17
https://naturesseed.com/products/pasture-seed/shortgrass-prairie-mix/?variation_id=455947&attribute_size=5+lb+-+Covers+25%2C000+Sq+Ft,https://naturesseed.com/products/pasture-seed/shortgrass-prairie-mix,17
https://naturesseed.com/products/grass-seed/twca-water-wise-shade-mix/?variation_id=451769&attribute_size=5+lb+-+Covers+1%2C000+Sq+Ft,https://naturesseed.com/products/grass-seed/twca-water-wise-shade-mix,17
https://naturesseed.com/products/pasture-seed/big-game-food-plot-forage-mix/?variation_id=445867&attribute_size=20+lb+-+Covers+40%2C000+Sq+Ft,https://naturesseed.com/products/pasture-seed/big-game-food-plot-forage-mix,17
https://naturesseed.com/product/horse-pasture-mix-cold-season/?attribute_pa_c2c_coverage_area=50-lbs-100000-sq-ft,https://naturesseed.com/product/horse-pasture-mix-cold-season,16
https://naturesseed.com/products/california-seeds?uses=78,https://naturesseed.com/products/california-seeds,16
https://naturesseed.com/products/clover-seed/white-clover/?variation_id=452371&attribute_size=5+lb+-+Covers+10%2C000+Sq+Ft,https://naturesseed.com/products/clover-seed/white-clover,16
https://naturesseed.com/products/grass-seed/sheep-fescue-grass/?variation_id=453877&attribute_size=5+lb+-+Covers+1%2C000+Sq+Ft,https://naturesseed.com/products/grass-seed/sheep-fescue-grass,16
https://naturesseed.com/products/planting-aids/m-binder-tackifier-soil-stabilizer/?variation_id=445519&attribute_size=50+Lbs,https://naturesseed.com/products/planting-aids/m-binder-tackifier-soil-stabilizer,16
https://naturesseed.com/products/california-seeds?price=100.00-200.00,https://naturesseed.com/products/california-seeds,16
https://naturesseed.com/products/pasture-seed/?per_page=24&filter_region_=greatlakes_newengland&page=2,https://naturesseed.com/products/pasture-seed,16
https://naturesseed.com/products/pasture-seed/alfalfa/?variation_id=446605&attribute_size=50+lb+-+Covers+100%2C000+Sq+Ft,https://naturesseed.com/products/pasture-seed/alfalfa,16
https://naturesseed.com/products/pasture-seed/tall-fescue/?variation_id=446820&attribute_size=25+lb+-+Covers+50%2C000+Sq+Ft,https://naturesseed.com/products/pasture-seed/tall-fescue,16
https://naturesseed.com/products/specialty-seed/california-native-erosion-control-mix/?variation_id=447445&attribute_size=5+Lbs+-+20%2C000+Sq+Ft,https://naturesseed.com/products/specialty-seed/california-native-erosion-control-mix,16
https://naturesseed.com/products/clover-seed/white-dutch-clover/?variation_id=447281&attribute_size=25+lb+-+Covers+50%2C000+Sq+Ft,https://naturesseed.com/products/clover-seed/white-dutch-clover,15
https://naturesseed.com/products/wilflower-seed/sonoran-desert-wildflower-mix/?variation_id=460203&attribute_pa_coverage-area=0-5-lbs-1000-sq-ft,https://naturesseed.com/products/wilflower-seed/sonoran-desert-wildflower-mix,15
https://naturesseed.com/products/page/4/?per_row=2&per_page=9&shop_view=grid,https://naturesseed.com/products/page/4,15
https://naturesseed.com/products/pasture-seed/horse-pasture-mix-warm-season/?variation_id=445850&attribute_size=20+lb+-+Covers+40%2C000+Sq+Ft,https://naturesseed.com/products/pasture-seed/horse-pasture-mix-warm-season,15
https://naturesseed.com/products/specialty-seed/?per_page=12&page=3,https://naturesseed.com/products/specialty-seed,15
https://naturesseed.com/products/pasture-seed/sheep-pasture-forage-mix-cold-season/?variation_id=445284&attribute_size=10+lb+-+Covers+20%2C000+Sq+Ft,https://naturesseed.com/products/pasture-seed/sheep-pasture-forage-mix-cold-season,14
https://naturesseed.com/products/grass-seeds/sheep-fescue-grass/?attribute_pa_c2c_coverage_area=5-lbs-10000-sq-ft,https://naturesseed.com/products/grass-seeds/sheep-fescue-grass,14
https://naturesseed.com/products/grass-seeds/microclover/?attribute_pa_c2c_coverage_area=1-lb-1000-sq-ft,https://naturesseed.com/products/grass-seeds/microclover,14
https://naturesseed.com/products/planting-aids/rice-hull/?variation_id=450363&attribute_pa_coverage-area=5-lbs-2000-sq-ft,https://naturesseed.com/products/planting-aids/rice-hull,13
https://naturesseed.com/products/pasture-seed/dryland-pasture-mix/?variation_id=459555&attribute_pa_coverage-area=50-lbs-25000-sq-ft,https://naturesseed.com/products/pasture-seed/dryland-pasture-mix,13
https://naturesseed.com/products/pasture-seeds/buffalograss/?attribute_pa_c2c_coverage_area=5-lbs-10000-sq-ft,https://naturesseed.com/products/pasture-seeds/buffalograss,13
https://naturesseed.com/product/big-game-food-plot-forage-mix/?attribute_pa_c2c_coverage_area=20-lbs-40000-sq-ft,https://naturesseed.com/product/big-game-food-plot-forage-mix,13
https://naturesseed.com/products/california-seeds?shortcode=1&shop_view=grid&per_row=3,https://naturesseed.com/products/california-seeds,13
https://naturesseed.com/products/grass-seed/water-wise-bluegrass-blend/?variation_id=445901&attribute_size=5+lb+-+Covers+1%2C000+Sq+Ft,https://naturesseed.com/products/grass-seed/water-wise-bluegrass-blend,13
https://naturesseed.com/products/pasture-seed/big-game-food-plot-forage-mix/?variation_id=445868&attribute_size=10+lb+-+Covers+20%2C000+Sq+Ft,https://naturesseed.com/products/pasture-seed/big-game-food-plot-forage-mix,13
https://naturesseed.com/products/grass-seed/twca-water-wise-shade-mix/?variation_id=451767&attribute_size=10+lb+-+Covers+2%2C000+Sq+Ft,https://naturesseed.com/products/grass-seed/twca-water-wise-shade-mix,12
https://naturesseed.com/products/pasture-seed/green-screen-food-plot-screen/?variation_id=455513&attribute_size=10+lb+-+Covers+40%2C000+Sq+Ft,https://naturesseed.com/products/pasture-seed/green-screen-food-plot-screen,12
https://naturesseed.com/products/pasture-seed/orchardgrass/?variation_id=446809&attribute_size=25+lb+-+Covers+50%2C000+Sq+Ft,https://naturesseed.com/products/pasture-seed/orchardgrass,12
https://naturesseed.com/products/pasture-seed/poultry-forage-mix/?attribute_pa_c2c_coverage_area=5-lbs-10000-sq-ft,https://naturesseed.com/products/pasture-seed/poultry-forage-mix,12
https://naturesseed.com/products/specialty-seed/big-four-native-erosion-control-mix-2/?variation_id=445878&attribute_size=10+Lbs+-+20%2C000+Sq+Ft,https://naturesseed.com/products/specialty-seed/big-four-native-erosion-control-mix-2,12
https://naturesseed.com/product/big-game-food-plot-forage-mix/?attribute_pa_c2c_coverage_area=50-lbs-100000-sq-ft,https://naturesseed.com/product/big-game-food-plot-forage-mix,12
https://naturesseed.com/products/clover-seed/microclover/?variation_id=451062&attribute_size=5+lb+-+Covers+5%2C000+Sq+Ft,https://naturesseed.com/products/clover-seed/microclover,12
https://naturesseed.com/products/grass-seeds/fine-fescue-grass-seed-mix/?attribute_pa_c2c_coverage_area=25-lb-5000-sq-ft,https://naturesseed.com/products/grass-seeds/fine-fescue-grass-seed-mix,12
https://naturesseed.com/products/pasture-seed/green-screen-food-plot-screen/?variation_id=455515&attribute_size=50+lb+-+Covers+215%2C000+Sq+Ft,https://naturesseed.com/products/pasture-seed/green-screen-food-plot-screen,12
https://naturesseed.com/products/pasture-seed/southern-pastures-seed/?per_page=18,https://naturesseed.com/products/pasture-seed/southern-pastures-seed,12
https://naturesseed.com/products/pasture-seeds/tall-fescue/?attribute_pa_c2c_coverage_area=5-lbs-10000-sq-ft,https://naturesseed.com/products/pasture-seeds/tall-fescue,12
https://naturesseed.com/products/pasture-seed/shortgrass-prairie-mix/?variation_id=455945&attribute_size=10+lb+-+Covers+50%2C000+Sq+Ft,https://naturesseed.com/products/pasture-seed/shortgrass-prairie-mix,11
https://naturesseed.com/products/?post_type=product,https://naturesseed.com/products,11
https://naturesseed.com/products/clover-seed/microclover/?variation_id=451060&attribute_size=1+lb+-+Covers+1%2C000+Sq+Ft,https://naturesseed.com/products/clover-seed/microclover,11
https://naturesseed.com/products/clover-seed/white-clover/?variation_id=452372&attribute_size=50+lb+-+Covers+100%2C000+Sq+Ft,https://naturesseed.com/products/clover-seed/white-clover,11
https://naturesseed.com/products/grass-seed/bermudagrass-seed-blend/?variation_id=445433&attribute_size=25+lb+-+Covers+5%2C000+Sq+Ft,https://naturesseed.com/products/grass-seed/bermudagrass-seed-blend,11
https://naturesseed.com/products/pasture-seed/horse-pasture-mix-transitional/?variation_id=445559&attribute_size=10+lb+-+Covers+20%2C000+Sq+Ft,https://naturesseed.com/products/pasture-seed/horse-pasture-mix-transitional,11
https://naturesseed.com/products/wildflower-seed/?per_row=3&shop_view=grid&page=2,https://naturesseed.com/products/wildflower-seed,11
https://naturesseed.com/products/wildflower-seed/bush-monkeyflower/?variation_id=452653&attribute_size=0.25+lb+-+Covers+1%2C000+Sq+Ft,https://naturesseed.com/products/wildflower-seed/bush-monkeyflower,11
https://naturesseed.com/products/pasture-seeds/cereal-rye/?attribute_pa_c2c_coverage_area=5-lbs-10000-sq-ft,https://naturesseed.com/products/pasture-seeds/cereal-rye,10
https://naturesseed.com/products/pasture-seeds/orchardgrass/?attribute_pa_c2c_coverage_area=5-lbs-10000-sq-ft,https://naturesseed.com/products/pasture-seeds/orchardgrass,10
https://naturesseed.com/product/cattle-dairy-cow-pasture-mix-cold-warm-season/?attribute_pa_c2c_coverage_area=20-lbs-40000-sq-ft,https://naturesseed.com/product/cattle-dairy-cow-pasture-mix-cold-warm-season,10
https://naturesseed.com/products/california-seeds?uses=80,https://naturesseed.com/products/california-seeds,10
https://naturesseed.com/products/grass-seed/clover-lawn-alternative-mix/?variation_id=458445&attribute_pa_coverage-area=10-lbs-2000-sq-ft,https://naturesseed.com/products/grass-seed/clover-lawn-alternative-mix,10
https://naturesseed.com/products/grass-seed/meadow-lawn-blend/?variation_id=458431&attribute_pa_coverage-area=25-lbs-5000-sq-ft,https://naturesseed.com/products/grass-seed/meadow-lawn-blend,10
https://naturesseed.com/products/grass-seeds/fine-fescue-grass-seed-mix/?attribute_pa_c2c_coverage_area=10-lb-2000-sq-ft,https://naturesseed.com/products/grass-seeds/fine-fescue-grass-seed-mix,10
https://naturesseed.com/products/pasture-seed/bahia-grass/?variation_id=445830&attribute_size=50+lb+-+Covers+100%2C000+Sq+Ft,https://naturesseed.com/products/pasture-seed/bahia-grass,10
https://naturesseed.com/products/pasture-seed/dryland-pasture-mix/?variation_id=459553&attribute_pa_coverage-area=10-lbs-5000-sq-ft,https://naturesseed.com/products/pasture-seed/dryland-pasture-mix,10
https://naturesseed.com/products/pasture-seeds/tall-fescue/?attribute_pa_c2c_coverage_area=50-lbs-100000-sq-ft,https://naturesseed.com/products/pasture-seeds/tall-fescue,10
https://naturesseed.com/products/wildflower-seed/california-native-wildflower-mix/?variation_id=446577&attribute_size=0.5+lb+-+Covers+1%2C000+Sq+Ft,https://naturesseed.com/products/wildflower-seed/california-native-wildflower-mix,10
https://naturesseed.com/grass-seed/fescue-grass/sheep-fescue-grass/?attribute_pa_c2c_pounds=25lbs,https://naturesseed.com/grass-seed/fescue-grass/sheep-fescue-grass,10
https://naturesseed.com/product/horse-pasture-mix-cold-season/?attribute_pa_c2c_coverage_area=20-lbs-40000-sq-ft,https://naturesseed.com/product/horse-pasture-mix-cold-season,10
https://naturesseed.com/products/california-seeds?gad_source=1&gclid=Cj0KCQiAmNeqBhD4ARIsADsYfTdw13fbDH9vqNydYtGBjISojzHRoJH62isUwoPDF5gkZY4tTJeScNsaAq_XEALw_wcB&page=2,https://naturesseed.com/products/california-seeds,10
https://naturesseed.com/products/grass-seed/sheep-fescue-grass/?variation_id=453876&attribute_size=25+lb+-+Covers+5%2C000+Sq+Ft,https://naturesseed.com/products/grass-seed/sheep-fescue-grass,10
https://naturesseed.com/products/pasture-seed/?_kx=HQwIc0B2IVA9nLMusXT2jzkell_XqNbTo2slFm6Si0A.H627hn&page=3,https://naturesseed.com/products/pasture-seed,10
https://naturesseed.com/products/pasture-seed/big-game-food-plot-forage-mix/?variation_id=445264&attribute_size=50+lb+-+Covers+100%2C000+Sq+Ft,https://naturesseed.com/products/pasture-seed/big-game-food-plot-forage-mix,10
https://naturesseed.com/products/pasture-seed/horse-pasture-mix-warm-season/?variation_id=445281&attribute_size=10+lb+-+Covers+20%2C000+Sq+Ft,https://naturesseed.com/products/pasture-seed/horse-pasture-mix-warm-season,9
https://naturesseed.com/products/pasture-seed/horse-pasture-mix-warm-season/?variation_id=445849&attribute_size=50+lb+-+Covers+100%2C000+Sq+Ft,https://naturesseed.com/products/pasture-seed/horse-pasture-mix-warm-season,9
https://naturesseed.com/products/grass-seed/sheep-fescue-grass/?variation_id=453875&attribute_size=10+lb+-+Covers+2%2C000+Sq+Ft,https://naturesseed.com/products/grass-seed/sheep-fescue-grass,9
https://naturesseed.com/products/grass-seed/thingrass/?variation_id=447270&attribute_size=1+lb+-+Covers+200+Sq+Ft,https://naturesseed.com/products/grass-seed/thingrass,9
https://naturesseed.com/products/pasture-seed/shade-mix-food-plot/?variation_id=455530&attribute_size=50+lb+-+Covers+10%2C000+Sq+Ft,https://naturesseed.com/products/pasture-seed/shade-mix-food-plot,9
https://naturesseed.com/products/pasture-seeds/tall-fescue/?attribute_pa_c2c_coverage_area=25-lbs-50000-sq-ft,https://naturesseed.com/products/pasture-seeds/tall-fescue,9
https://naturesseed.com/products/wildflower-seed/brittlebush/?variation_id=452686&attribute_size=0.25+lb+-+Covers+1%2C000+Sq+Ft,https://naturesseed.com/products/wildflower-seed/brittlebush,9
https://naturesseed.com/products/wildflower-seeds/arroyo-lupine/?attribute_size=0.25+lb+-+Covers+1%2C000+Sq+Ft,https://naturesseed.com/products/wildflower-seeds/arroyo-lupine,9
https://naturesseed.com/products/wilflower-seed/sonoran-desert-wildflower-mix/?variation_id=459581&attribute_pa_coverage-area=5-lbs-10000-sq-ft,https://naturesseed.com/products/wilflower-seed/sonoran-desert-wildflower-mix,9
https://naturesseed.com/product/cattle-dairy-cow-pasture-mix-cold-warm-season/?attribute_pa_c2c_coverage_area=50-lbs-100000-sq-ft,https://naturesseed.com/product/cattle-dairy-cow-pasture-mix-cold-warm-season,9
https://naturesseed.com/products/california-seeds?fbclid=Iwb21leAOplcljbGNrA6mVrGV4dG4DYWVtAjExAHNydGMGYXBwX2lkDDM1MDY4NTUzMTcyOAABHqqWLa4foUnV0qlMOdFqI4PrqKNd1_yLsAstM03QrV8og00KEVPkdTr-fF-K_aem_2WNhll05xKoxDPX4rMAQ0g&page=2,https://naturesseed.com/products/california-seeds,9
https://naturesseed.com/products/page/3/?per_page=9&shop_view=list&filter_is_blend=yes&filter_region_=greatlakes_newengland%2Cintermountainwest,https://naturesseed.com/products/page/3,9
https://naturesseed.com/products/pasture-seed/perennial-ryegrass/?variation_id=446610&attribute_size=25+lb+-+Covers+50%2C000+Sq+Ft,https://naturesseed.com/products/pasture-seed/perennial-ryegrass,9
https://naturesseed.com/products/pasture-seed/poultry-forage-mix/?variation_id=445261&attribute_size=50+lb+-+Covers+100%2C000+Sq+Ft,https://naturesseed.com/products/pasture-seed/poultry-forage-mix,9
https://naturesseed.com/products/specialty-seed/?per_row=3&shop_view=grid&per_page=9&page=2,https://naturesseed.com/products/specialty-seed,9
https://naturesseed.com/products/specialty-seed/native-dryland-erosion-control-mix/?88825=zfegsx,https://naturesseed.com/products/specialty-seed/native-dryland-erosion-control-mix,9
https://naturesseed.com/products/wildflower-seed/purple-needlegrass/?variation_id=452879&attribute_size=0.25+lb+-+Covers+1%2C000+Sq+Ft,https://naturesseed.com/products/wildflower-seed/purple-needlegrass,9
https://naturesseed.com/product/goat-pasture-forage-mix-warm-season/?attribute_pa_c2c_coverage_area=20-lbs-40000-sq-ft,https://naturesseed.com/product/goat-pasture-forage-mix-warm-season,8
https://naturesseed.com/grass-seed/fescue-grass/triple-play-tall-fescue-seed-blend/?attribute_pa_c2c_coverage_area=10-lb-2000-sq-ft,https://naturesseed.com/grass-seed/fescue-grass/triple-play-tall-fescue-seed-blend,8
https://naturesseed.com/product/goat-pasture-forage-mix-transitional/?attribute_pa_c2c_coverage_area=20-lbs-40000-sq-ft,https://naturesseed.com/product/goat-pasture-forage-mix-transitional,8
https://naturesseed.com/products/grass-seed/clover-lawn-alternative-mix/?variation_id=458446&attribute_pa_coverage-area=25-lbs-5000-sq-ft,https://naturesseed.com/products/grass-seed/clover-lawn-alternative-mix,8
https://naturesseed.com/products/pasture-seed/green-screen-food-plot-screen/?variation_id=455514&attribute_size=20+lb+-+Covers+85%2C000+Sq+Ft,https://naturesseed.com/products/pasture-seed/green-screen-food-plot-screen,8
https://naturesseed.com/products/pasture-seed/honey-bee-cover-crop-pasture-mix/?variation_id=445279&attribute_size=50+lb+-+Covers+100%2C000+Sq+Ft,https://naturesseed.com/products/pasture-seed/honey-bee-cover-crop-pasture-mix,8
https://naturesseed.com/products/pasture-seed/perennial-ryegrass/?variation_id=446611&attribute_size=5+lb+-+Covers+20%2C000+Sq+Ft,https://naturesseed.com/products/pasture-seed/perennial-ryegrass,8
https://naturesseed.com/products/pasture-seed/sheep-pasture-forage-mix-transitional/?variation_id=445847&attribute_size=50+lb+-+Covers+100%2C000+Sq+Ft,https://naturesseed.com/products/pasture-seed/sheep-pasture-forage-mix-transitional,8
https://naturesseed.com/products/pasture-seed/switchgrass-seed/?variation_id=446806&attribute_size=50+lb+-+Covers+100%2C000+Sq+Ft,https://naturesseed.com/products/pasture-seed/switchgrass-seed,8
https://naturesseed.com/products/wildflower-seed/rocky-mountain-wildflower-mix/?variation_id=446835&attribute_size=0.5+lb+-+Covers+1%2C000+Sq+Ft,https://naturesseed.com/products/wildflower-seed/rocky-mountain-wildflower-mix,8
https://naturesseed.com/product/horse-pasture-mix-warm-season/?attribute_pa_c2c_coverage_area=10-lbs-20000-sq-ft,https://naturesseed.com/product/horse-pasture-mix-warm-season,8
https://naturesseed.com/products/california-seeds?gad_source=1&gad_campaignid=23448489975&gbraid=0AAAAADqdhgIp2dM5SAfjLRTdmMU857RoK&gclid=CjwKCAiA4KfLBhB0EiwAUY7GAYKR27jXGMOVMq8PkD9gW1apeTx5NTq9ir1snvhX7nsajB7ath649RoCLFIQAvD_BwE&page=2,https://naturesseed.com/products/california-seeds,8
https://naturesseed.com/products/california-seeds?shortcode=1&per_page=9,https://naturesseed.com/products/california-seeds,8
https://naturesseed.com/products/grass-seed/bermudagrass-seed-blend/?variation_id=445854&attribute_size=10+lb+-+Covers+2%2C000+Sq+Ft,https://naturesseed.com/products/grass-seed/bermudagrass-seed-blend,8
https://naturesseed.com/products/grass-seed/jimmys-blue-ribbon-premium-grass-seed-mix/?variation_id=445882&attribute_size=5+lb+-+Covers+1%2C000+Sq+Ft,https://naturesseed.com/products/grass-seed/jimmys-blue-ribbon-premium-grass-seed-mix,8
https://naturesseed.com/products/pasture-seed/cattle-dairy-cow-pasture-mix-for-warm-season/?variation_id=445262&attribute_size=50+lb+-+Covers+100%2C000+Sq+Ft,https://naturesseed.com/products/pasture-seed/cattle-dairy-cow-pasture-mix-for-warm-season,8
https://naturesseed.com/products/pasture-seed/cereal-rye/?variation_id=445894&attribute_size=25+lb+-+Covers+50%2C000+Sq+Ft,https://naturesseed.com/products/pasture-seed/cereal-rye,8
https://naturesseed.com/products/pasture-seed/perennial-ryegrass/?variation_id=446612&attribute_size=50+lb+-+Covers+100%2C000+Sq+Ft,https://naturesseed.com/products/pasture-seed/perennial-ryegrass,8
https://naturesseed.com/products/pasture-seeds/cereal-rye/?attribute_pa_c2c_coverage_area=25-lbs-50000-sq-ft,https://naturesseed.com/products/pasture-seeds/cereal-rye,8
https://naturesseed.com/product/horse-pasture-mix-cold-season/?attribute_pa_c2c_coverage_area=10-lbs-20000-sq-ft,https://naturesseed.com/product/horse-pasture-mix-cold-season,7
https://naturesseed.com/product/horse-pasture-mix-warm-season/?attribute_pa_c2c_coverage_area=50-lbs-100000-sq-ft,https://naturesseed.com/product/horse-pasture-mix-warm-season,7
https://naturesseed.com/products/pasture-seed/poultry-forage-mix/?variation_id=445557&attribute_size=25+lb+-+Covers+50%2C000+Sq+Ft,https://naturesseed.com/products/pasture-seed/poultry-forage-mix,7
https://naturesseed.com/products/pasture-seed/sheep-pasture-forage-mix-warm-season/?variation_id=445285&attribute_size=10+lb+-+Covers+20%2C000+Sq+Ft,https://naturesseed.com/products/pasture-seed/sheep-pasture-forage-mix-warm-season,7
https://naturesseed.com/products/wildflower-seed/rocky-mountain-wildflower-mix/?variation_id=446836&attribute_size=1+lb+-+Covers+2%2C000+Sq+Ft,https://naturesseed.com/products/wildflower-seed/rocky-mountain-wildflower-mix,7
https://naturesseed.com/product/sheep-pasture-forage-mix-transitional/?attribute_pa_c2c_coverage_area=10-lbs-20000-sq-ft,https://naturesseed.com/product/sheep-pasture-forage-mix-transitional,7
https://naturesseed.com/products/grass-seed/meadow-lawn-blend/?variation_id=458432&attribute_pa_coverage-area=5-lbs-1000-sq-ft,https://naturesseed.com/products/grass-seed/meadow-lawn-blend,7
https://naturesseed.com/products/grass-seed/sundancer-buffalograss-seed/?variation_id=457050&attribute_size=15+lb+-+Covers+5%2C000+Sq+Ft,https://naturesseed.com/products/grass-seed/sundancer-buffalograss-seed,7
https://naturesseed.com/products/grass-seed/sundancer-buffalograss-seed/?variation_id=457052&attribute_size=6+lb+-+Covers+2%2C000+Sq+Ft,https://naturesseed.com/products/grass-seed/sundancer-buffalograss-seed,7
https://naturesseed.com/products/pasture-seed/common-buckwheat/?variation_id=446808&attribute_size=50+lb+-+Covers+100%2C000+Sq+Ft,https://naturesseed.com/products/pasture-seed/common-buckwheat,7
https://naturesseed.com/products/pasture-seed/sheep-pasture-forage-mix-transitional/?variation_id=445286&attribute_size=10+lb+-+Covers+20%2C000+Sq+Ft,https://naturesseed.com/products/pasture-seed/sheep-pasture-forage-mix-transitional,7
https://naturesseed.com/products/wildflower-seed/california-coastal-native-wildflower-mix/?variation_id=446581&attribute_size=0.5+lb+-+Covers+1%2C000+Sq+Ft,https://naturesseed.com/products/wildflower-seed/california-coastal-native-wildflower-mix,7
https://naturesseed.com/pasture-seed/individual-pasture-species/common-buckwheat/?attribute_pa_c2c_pounds=1lb,https://naturesseed.com/pasture-seed/individual-pasture-species/common-buckwheat,7
https://naturesseed.com/product/goat-pasture-forage-mix-cold-season?attribute_pa_c2c_coverage_area=10-lbs-20000-sq-ft,https://naturesseed.com/product/goat-pasture-forage-mix-cold-season,7
https://naturesseed.com/products/california-seeds?gad_source=1&gad_campaignid=22908379664&gbraid=0AAAAADqdhgJhyE5Gow4ZCYsdDgwZgX-QB&page=3,https://naturesseed.com/products/california-seeds,7
https://naturesseed.com/products/california-seeds?gad_source=1&gclid=Cj0KCQiAmNeqBhD4ARIsADsYfTdw13fbDH9vqNydYtGBjISojzHRoJH62isUwoPDF5gkZY4tTJeScNsaAq_XEALw_wcB&page=4,https://naturesseed.com/products/california-seeds,7
https://naturesseed.com/products/grass-seed/triblade-elite-fescue-lawn-mix/?variation_id=445906&attribute_size=25+lb+-+Covers+5%2C000+Sq+Ft,https://naturesseed.com/products/grass-seed/triblade-elite-fescue-lawn-mix,7
https://naturesseed.com/products/pasture-seed/blue-grama/?variation_id=446803&attribute_size=25+lb+-+Covers+50%2C000+Sq+Ft,https://naturesseed.com/products/pasture-seed/blue-grama,7
https://naturesseed.com/products/pasture-seed/shade-mix-food-plot/?variation_id=455529&attribute_size=20+lb+-+Covers+4%2C000+Sq+Ft,https://naturesseed.com/products/pasture-seed/shade-mix-food-plot,7
https://naturesseed.com/products/specialty-seed/california-native-erosion-control-mix/?variation_id=447446&attribute_size=50+Lbs+100%2C000+Sq+Ft,https://naturesseed.com/products/specialty-seed/california-native-erosion-control-mix,7
https://naturesseed.com/products/wildflower-seed/brittlebush/?variation_id=452687&attribute_size=0.5+lb+-+Covers+2%2C000+Sq+Ft,https://naturesseed.com/products/wildflower-seed/brittlebush,7
https://naturesseed.com/products/wildflower-seed/california-coastal-native-wildflower-mix/?variation_id=446580&attribute_size=1+lb+-+Covers+2%2C000+Sq+Ft,https://naturesseed.com/products/wildflower-seed/california-coastal-native-wildflower-mix,7
https://naturesseed.com/products/wildflower-seed/purple-needlegrass/?variation_id=452881&attribute_size=1+lb+-+Covers+4%2C000+Sq+Ft,https://naturesseed.com/products/wildflower-seed/purple-needlegrass,7
https://naturesseed.com/products/wildflower-seed/texas-native-wildflower-mix/?variation_id=462885&attribute_size=0.5+lb+-+Covers+1%2C000+Sq+Ft,https://naturesseed.com/products/wildflower-seed/texas-native-wildflower-mix,7
https://naturesseed.com/products/pasture-seed/honey-bee-cover-crop-pasture-mix/?variation_id=445859&attribute_size=5+lb+-+Covers+20%2C000+Sq+Ft,https://naturesseed.com/products/pasture-seed/honey-bee-cover-crop-pasture-mix,6
https://naturesseed.com/products/grass-seed/twca-water-wise-sun-shade-mix/?variation_id=447118&attribute_size=10+lb+-+Covers+2%2C000+Sq+Ft,https://naturesseed.com/products/grass-seed/twca-water-wise-sun-shade-mix,6
https://naturesseed.com/products/grass-seed/thingrass/?attribute_pa_c2c_coverage_area=1-lb-2000-sq-ft,https://naturesseed.com/products/grass-seed/thingrass,6
https://naturesseed.com/products/grass-seeds/triblade-elite-fescue-lawn-mix/?attribute_pa_c2c_coverage_area=5-lb-1000-sq-ft,https://naturesseed.com/products/grass-seeds/triblade-elite-fescue-lawn-mix,6
https://naturesseed.com/products/pasture-seed/common-buckwheat/?variation_id=445514&attribute_size=5+lb+-+Covers+20%2C000+Sq+Ft,https://naturesseed.com/products/pasture-seed/common-buckwheat,6
https://naturesseed.com/products/pasture-seed/kentucky-bluegrass/?variation_id=446608&attribute_size=5+lb+-+Covers+10%2C000+Sq+Ft,https://naturesseed.com/products/pasture-seed/kentucky-bluegrass,6
https://naturesseed.com/products/pasture-seed/premium-irrigated-pasture-mix/?variation_id=459571&attribute_pa_coverage-area=20-lbs-10000-sq-ft,https://naturesseed.com/products/pasture-seed/premium-irrigated-pasture-mix,6
https://naturesseed.com/products/planting-aids/m-binder-tackifier-soil-stabilizer/?attribute_pa_c2c_pounds=50lbs,https://naturesseed.com/products/planting-aids/m-binder-tackifier-soil-stabilizer,6
https://naturesseed.com/products/wildflower-seed/deer-resistant-wildflower-mix/?variation_id=446827&attribute_size=1+lb+-+Covers+2%2C000+Sq+Ft,https://naturesseed.com/products/wildflower-seed/deer-resistant-wildflower-mix,6
https://naturesseed.com/product/goat-pasture-forage-mix-transitional/?attribute_pa_c2c_coverage_area=10-lbs-20000-sq-ft,https://naturesseed.com/product/goat-pasture-forage-mix-transitional,6
"https://naturesseed.com/products/california-seeds?per_row=3&shop_view=grid&shortcode=1&filter_uses=native&filter_color=medium-purple,orange&per_page=12&page=2",https://naturesseed.com/products/california-seeds,6
https://naturesseed.com/products/clover-seed/white-clover/?variation_id=452370&attribute_size=10+lb+-+Covers+20%2C000+Sq+Ft,https://naturesseed.com/products/clover-seed/white-clover,6
https://naturesseed.com/products/grass-seed/california-native-lawn-alternative-mix/?variation_id=447324&attribute_size=50+lb+-+Covers+25%2C000+Sq+Ft,https://naturesseed.com/products/grass-seed/california-native-lawn-alternative-mix,6
https://naturesseed.com/products/grass-seed/jimmys-blue-ribbon-premium-grass-seed-mix/?variation_id=445880&attribute_size=25+lb+-+Covers+5%2C000+Sq+Ft,https://naturesseed.com/products/grass-seed/jimmys-blue-ribbon-premium-grass-seed-mix,6
https://naturesseed.com/products/grass-seed/meadow-lawn-blend/?variation_id=458430&attribute_pa_coverage-area=10-lbs-2000-sq-ft,https://naturesseed.com/products/grass-seed/meadow-lawn-blend,6
https://naturesseed.com/products/page/3/?post_type=product,https://naturesseed.com/products/page/3,6
https://naturesseed.com/products/pasture-seed/blue-grama/?variation_id=446802&attribute_size=5+lb+-+Covers+10%2C000+Sq+Ft,https://naturesseed.com/products/pasture-seed/blue-grama,6
https://naturesseed.com/products/pasture-seed/buffalograss/?variation_id=446614&attribute_size=50+lb+-+Covers+100%2C000+Sq+Ft,https://naturesseed.com/products/pasture-seed/buffalograss,6
https://naturesseed.com/products/pasture-seed/honey-bee-cover-crop-pasture-mix/?variation_id=445858&attribute_size=25+lb+-+Covers+50%2C000+Sq+Ft,https://naturesseed.com/products/pasture-seed/honey-bee-cover-crop-pasture-mix,6
https://naturesseed.com/products/pasture-seed/poultry-forage-mix/?attribute_pa_c2c_coverage_area=25-lbs-50000-sq-ft,https://naturesseed.com/products/pasture-seed/poultry-forage-mix,6
https://naturesseed.com/products/pasture-seed/tortoise-forage-mix/?variation_id=446817&attribute_size=10+lb+-+Covers+20%2C000+Sq+Ft,https://naturesseed.com/products/pasture-seed/tortoise-forage-mix,6
https://naturesseed.com/products/specialty-seed/?add-to-cart=440337&page=2,https://naturesseed.com/products/specialty-seed,6
https://naturesseed.com/products/specialty-seed/?page=5,https://naturesseed.com/products/specialty-seed,6
https://naturesseed.com/products/wildflower-seed/?page=2,https://naturesseed.com/products/wildflower-seed,6
https://naturesseed.com/products/wildflower-seed/california-poppy/?variation_id=447376&attribute_size=1+lb+-+Covers+8%2C000+Sq+Ft,https://naturesseed.com/products/wildflower-seed/california-poppy,6
https://naturesseed.com/product/goat-pasture-forage-mix-transitional/?attribute_pa_c2c_coverage_area=50-lbs-100000-sq-ft,https://naturesseed.com/product/goat-pasture-forage-mix-transitional,5
https://naturesseed.com/product/premium-pet-kid-friendly-bluegrass-bundle/?variation_id=452708&attribute_size=25+lb+-+Covers+5%2C000+Sq+Ft,https://naturesseed.com/product/premium-pet-kid-friendly-bluegrass-bundle,5
https://naturesseed.com/product/sheep-pasture-forage-mix-warm-season/?attribute_pa_c2c_coverage_area=10-lbs-20000-sq-ft,https://naturesseed.com/product/sheep-pasture-forage-mix-warm-season,5
https://naturesseed.com/products/pasture-seed/poultry-forage-mix/?attribute_pa_c2c_coverage_area=50-lbs-100000-sq-ft,https://naturesseed.com/products/pasture-seed/poultry-forage-mix,5
https://naturesseed.com/product/california-habitat-mix-3/?attribute_pa_c2c_coverage_area=5-lbs-10000-sq-ft,https://naturesseed.com/product/california-habitat-mix-3,5
https://naturesseed.com/product/goat-pasture-forage-mix-warm-season/?attribute_pa_c2c_coverage_area=10-lbs-20000-sq-ft,https://naturesseed.com/product/goat-pasture-forage-mix-warm-season,5
https://naturesseed.com/product/horse-pasture-mix-warm-season/?attribute_pa_c2c_coverage_area=20-lbs-40000-sq-ft,https://naturesseed.com/product/horse-pasture-mix-warm-season,5
https://naturesseed.com/products/grass-seed/perennial-ryegrass-seed-blend/?variation_id=445903&attribute_size=5+lb+-+Covers+1%2C000+Sq+Ft,https://naturesseed.com/products/grass-seed/perennial-ryegrass-seed-blend,5
https://naturesseed.com/products/grass-seeds/water-wise-bluegrass-blend/?attribute_pa_c2c_coverage_area=5-lb-1000-sq-ft,https://naturesseed.com/products/grass-seeds/water-wise-bluegrass-blend,5
https://naturesseed.com/products/pasture-seed/?page=3,https://naturesseed.com/products/pasture-seed,5
https://naturesseed.com/products/pasture-seed/kentucky-bluegrass/?variation_id=446607&attribute_size=25+lb+-+Covers+50%2C000+Sq+Ft,https://naturesseed.com/products/pasture-seed/kentucky-bluegrass,5
https://naturesseed.com/products/pasture-seed/sheep-pasture-forage-mix-warm-season/?variation_id=445846&attribute_size=20+lb+-+Covers+40%2C000+Sq+Ft,https://naturesseed.com/products/pasture-seed/sheep-pasture-forage-mix-warm-season,5
https://naturesseed.com/products/pasture-seed/timothy/?variation_id=446600&attribute_size=50+lb+-+Covers+100%2C000+Sq+Ft,https://naturesseed.com/products/pasture-seed/timothy,5
https://naturesseed.com/products/pasture-seeds/bermudagrass/?attribute_pa_c2c_coverage_area=25-lbs-50000-sq-ft,https://naturesseed.com/products/pasture-seeds/bermudagrass,5
https://naturesseed.com/products/pasture-seeds/cereal-rye/?attribute_pa_c2c_coverage_area=50-lbs-100000-sq-ft,https://naturesseed.com/products/pasture-seeds/cereal-rye,5
https://naturesseed.com/products/pasture-seeds/orchardgrass/?attribute_pa_c2c_coverage_area=50-lbs-100000-sq-ft,https://naturesseed.com/products/pasture-seeds/orchardgrass,5
https://naturesseed.com/products/pasture-seeds/timothy/?attribute_pa_c2c_coverage_area=5-lbs-10000-sq-ft,https://naturesseed.com/products/pasture-seeds/timothy,5
https://naturesseed.com/products/specialty-seed/?per_page=18&page=4,https://naturesseed.com/products/specialty-seed,5
https://naturesseed.com/products/specialty-seed/big-four-native-erosion-control-mix-2/?variation_id=445877&attribute_size=20+Lbs+-+40%2C000,https://naturesseed.com/products/specialty-seed/big-four-native-erosion-control-mix-2,5
https://naturesseed.com/products/specialty-seed/california-fire-wise-mix/?variation_id=451078&attribute_size=5+lb+-+Covers+10%2C000+Sq+Ft,https://naturesseed.com/products/specialty-seed/california-fire-wise-mix,5
https://naturesseed.com/products/wildflower-seed/annual-wildflower-mix/?variation_id=446831&attribute_size=1+lb+-+Covers+2%2C000+Sq+Ft,https://naturesseed.com/products/wildflower-seed/annual-wildflower-mix,5
https://naturesseed.com/products/wildflower-seed/arroyo-lupine/?attribute_pa_c2c_coverage_area=0-5-lbs-1000-sq-ft,https://naturesseed.com/products/wildflower-seed/arroyo-lupine,5
https://naturesseed.com/products/wildflower-seed/brittlebush/?variation_id=452688&attribute_size=1+lb+-+Covers+4%2C000+Sq+Ft,https://naturesseed.com/products/wildflower-seed/brittlebush,5
https://naturesseed.com/products/wildflower-seed/coastal-sage-scrub-mix/?variation_id=452929&attribute_size=1+lb+-+Covers+4%2C000+Sq+Ft,https://naturesseed.com/products/wildflower-seed/coastal-sage-scrub-mix,5
https://naturesseed.com/products/wildflower-seeds/annual-wildflower-mix/?attribute_pa_c2c_coverage_area=1-lb-2000-sq-ft,https://naturesseed.com/products/wildflower-seeds/annual-wildflower-mix,5
https://naturesseed.com/products/wildflower-seeds/california-coastal-native-wildflower-mix/?attribute_pa_c2c_coverage_area=1-lb-2000-sq-ft,https://naturesseed.com/products/wildflower-seeds/california-coastal-native-wildflower-mix,5
https://naturesseed.com/products/pasture-seed/sheep-pasture-forage-mix-transitional/?variation_id=445848&attribute_size=20+lb+-+Covers+40%2C000+Sq+Ft,https://naturesseed.com/products/pasture-seed/sheep-pasture-forage-mix-transitional,4
https://naturesseed.com/product/horse-pasture-mix-transitional/?attribute_pa_c2c_coverage_area=50-lbs-100000-sq-ft,https://naturesseed.com/product/horse-pasture-mix-transitional,4
https://naturesseed.com/product/pig-pasture-forage-mix/?attribute_pa_c2c_coverage_area=20-lbs-40000-sq-ft,https://naturesseed.com/product/pig-pasture-forage-mix,4
https://naturesseed.com/product/sheep-pasture-forage-mix-warm-season/?attribute_pa_c2c_coverage_area=20-lbs-40000-sq-ft,https://naturesseed.com/product/sheep-pasture-forage-mix-warm-season,4
https://naturesseed.com/product/sheep-pasture-forage-mix-warm-season/?attribute_pa_c2c_coverage_area=50-lbs-100000-sq-ft,https://naturesseed.com/product/sheep-pasture-forage-mix-warm-season,4
https://naturesseed.com/products/grass-seeds/triblade-elite-fescue-lawn-mix/?attribute_pa_c2c_coverage_area=10-lb-2000-sq-ft,https://naturesseed.com/products/grass-seeds/triblade-elite-fescue-lawn-mix,4
https://naturesseed.com/products/pasture-seed/blue-grama/?variation_id=446804&attribute_size=50+lb+-+Covers+105%2C000+Sq+Ft,https://naturesseed.com/products/pasture-seed/blue-grama,4
https://naturesseed.com/products/pasture-seed/sheep-pasture-forage-mix-warm-season/?variation_id=445845&attribute_size=50+lb+-+Covers+100%2C000+Sq+Ft,https://naturesseed.com/products/pasture-seed/sheep-pasture-forage-mix-warm-season,4
https://naturesseed.com/products/wildflower-seed/central-valley-pollinator-mix-xerces-society/?variation_id=452794&attribute_size=0.5+lb+-+2%2C000+Sq+Ft,https://naturesseed.com/products/wildflower-seed/central-valley-pollinator-mix-xerces-society,4
https://naturesseed.com/products/wildflower-seeds/california-coastal-native-wildflower-mix/?attribute_pa_c2c_coverage_area=5-lbs-10000-sq-ft,https://naturesseed.com/products/wildflower-seeds/california-coastal-native-wildflower-mix,4
https://naturesseed.com/product/alpaca-llama-pasture-forage-mix/?attribute_pa_c2c_coverage_area=10-lbs-20000-sq-ft,https://naturesseed.com/product/alpaca-llama-pasture-forage-mix,4
https://naturesseed.com/product/alpaca-llama-pasture-forage-mix/?attribute_pa_c2c_coverage_area=20-lbs-40000-sq-ft,https://naturesseed.com/product/alpaca-llama-pasture-forage-mix,4
https://naturesseed.com/product/big-four-native-erosion-control-mix-2/?attribute_pa_c2c_coverage_area=50-lbs-100000-sq-ft,https://naturesseed.com/product/big-four-native-erosion-control-mix-2,4
https://naturesseed.com/product/goat-pasture-forage-mix-warm-season/?attribute_pa_c2c_coverage_area=50-lbs-100000-sq-ft,https://naturesseed.com/product/goat-pasture-forage-mix-warm-season,4
https://naturesseed.com/product/honey-bee-cover-crop-pasture-mix/?attribute_pa_c2c_coverage_area=50-lbs-100000-sq-ft,https://naturesseed.com/product/honey-bee-cover-crop-pasture-mix,4
"https://naturesseed.com/products/?per_page=9&filter_life_form=perennial&filter_uses=dryland,greenmanure,irrigated&filter_color=dark-green,medium-green&filter_region_=greatlakes_newengland,greatplains,intermountainwest,southatlantictransitional,southerntropics&shop_view=grid&per_row=3",https://naturesseed.com/products,4
https://naturesseed.com/products/?post_type=product&per_page=24,https://naturesseed.com/products,4
"https://naturesseed.com/products/california-seeds?per_row=2&per_page=24&shop_view=grid&shortcode=1&filter_color=orange,white",https://naturesseed.com/products/california-seeds,4
https://naturesseed.com/products/california-seeds?per_row=2&shop_view=grid&shortcode=1,https://naturesseed.com/products/california-seeds,4
https://naturesseed.com/products/california-seeds?per_row=4&shop_view=grid&shortcode=1&filter_region_=pacificsouthwest&filter_seed_type=wildflowerseed&per_page=9,https://naturesseed.com/products/california-seeds,4
https://naturesseed.com/products/clover-seed/alsike-clover-seed/?variation_id=461577&attribute_size=5+lb+-+Covers+10%2C000+Sq+Ft,https://naturesseed.com/products/clover-seed/alsike-clover-seed,4
https://naturesseed.com/products/grass-seed/high-traffic-hardy-lawn/?variation_id=458051&attribute_pa_coverage-area=5-lbs-1000-sq-ft,https://naturesseed.com/products/grass-seed/high-traffic-hardy-lawn,4
https://naturesseed.com/products/grass-seed/thingrass/?variation_id=447272&attribute_size=2+lb+-+Covers+400+Sq+Ft,https://naturesseed.com/products/grass-seed/thingrass,4
https://naturesseed.com/products/grass-seed/water-wise-bluegrass-blend/?variation_id=445238&attribute_size=25+lb+-+Covers+5%2C000+Sq+Ft,https://naturesseed.com/products/grass-seed/water-wise-bluegrass-blend,4
https://naturesseed.com/products/grass-seed/water-wise-bluegrass-blend/?variation_id=445900&attribute_size=10+lb+-+Covers+2%2C000+Sq+Ft,https://naturesseed.com/products/grass-seed/water-wise-bluegrass-blend,4
https://naturesseed.com/products/grass-seeds/blue-grama/?attribute_pa_c2c_coverage_area=5-lbs-10000-sq-ft,https://naturesseed.com/products/grass-seeds/blue-grama,4
https://naturesseed.com/products/grass-seeds/jimmys-blue-ribbon-premium-grass-seed-mix/?attribute_pa_c2c_coverage_area=25-lb-5000-sq-ft,https://naturesseed.com/products/grass-seeds/jimmys-blue-ribbon-premium-grass-seed-mix,4
https://naturesseed.com/products/grass-seeds/water-wise-bluegrass-blend/?attribute_pa_c2c_coverage_area=10-lb-2000-sq-ft,https://naturesseed.com/products/grass-seeds/water-wise-bluegrass-blend,4
https://naturesseed.com/products/page/2/?per_page=24&post_type=product&shop_view=grid&per_row=2,https://naturesseed.com/products/page/2,4
https://naturesseed.com/products/page/6/?per_page=9&shop_view=grid&per_row=3,https://naturesseed.com/products/page/6,4
https://naturesseed.com/products/pasture-seed/?per_page=24&shop_view=grid&per_row=3&page=4,https://naturesseed.com/products/pasture-seed,4
https://naturesseed.com/products/pasture-seed/alfalfa/?variation_id=446604&attribute_size=5+lb+-+Covers+10%2C000+Sq+Ft,https://naturesseed.com/products/pasture-seed/alfalfa,4
https://naturesseed.com/products/pasture-seed/buffalograss/?variation_id=446613&attribute_size=25+lb+-+Covers+50%2C000+Sq+Ft,https://naturesseed.com/products/pasture-seed/buffalograss,4
https://naturesseed.com/products/pasture-seed/cattle-dairy-cow-pasture-mix-for-warm-season/?variation_id=445870&attribute_size=20+lb+-+Covers+40%2C000+Sq+Ft,https://naturesseed.com/products/pasture-seed/cattle-dairy-cow-pasture-mix-for-warm-season,4
https://naturesseed.com/products/pasture-seed/common-buckwheat/?variation_id=446807&attribute_size=25+lb+-+Covers+50%2C000+Sq+Ft,https://naturesseed.com/products/pasture-seed/common-buckwheat,4
https://naturesseed.com/products/pasture-seed/pig-pasture-forage-mix/?variation_id=445832&attribute_size=50+lb+-+Covers+100%2C000+Sq+Ft,https://naturesseed.com/products/pasture-seed/pig-pasture-forage-mix,4
https://naturesseed.com/products/pasture-seed/premium-irrigated-pasture-mix/?variation_id=459572&attribute_pa_coverage-area=50-lbs-25000-sq-ft,https://naturesseed.com/products/pasture-seed/premium-irrigated-pasture-mix,4
https://naturesseed.com/products/pasture-seed/shortgrass-prairie-mix/?variation_id=455946&attribute_size=20+lb+-+Covers+100%2C000+Sq+Ft,https://naturesseed.com/products/pasture-seed/shortgrass-prairie-mix,4
https://naturesseed.com/products/pasture-seed/switchgrass-seed/?variation_id=446805&attribute_size=5+lb+-+Covers+20%2C000+Sq+Ft,https://naturesseed.com/products/pasture-seed/switchgrass-seed,4
https://naturesseed.com/products/pasture-seed/timothy/?variation_id=446599&attribute_size=5+lb+-+Covers+10%2C000+Sq+Ft,https://naturesseed.com/products/pasture-seed/timothy,4
https://naturesseed.com/products/pasture-seed/timothy/?variation_id=446601&attribute_size=25+lb+-+Covers+50%2C000+Sq+Ft,https://naturesseed.com/products/pasture-seed/timothy,4
https://naturesseed.com/products/pasture-seed/tortoise-forage-mix/?variation_id=446818&attribute_size=2+lb+-+Covers+4%2C000+Sq+Ft,https://naturesseed.com/products/pasture-seed/tortoise-forage-mix,4
https://naturesseed.com/products/pasture-seed/upland-game-mix/?variation_id=459584&attribute_pa_coverage-area=50-lbs-25000-sq-ft,https://naturesseed.com/products/pasture-seed/upland-game-mix,4
https://naturesseed.com/products/pasture-seeds/alfalfa/?attribute_pa_c2c_coverage_area=50-lbs-100000-sq-ft,https://naturesseed.com/products/pasture-seeds/alfalfa,4
https://naturesseed.com/products/pasture-seeds/common-buckwheat/?attribute_pa_c2c_coverage_area=5-lbs-10000-sq-ft,https://naturesseed.com/products/pasture-seeds/common-buckwheat,4
https://naturesseed.com/products/pasture-seeds/perennial-ryegrass/?attribute_pa_c2c_coverage_area=50-lbs-100000-sq-ft,https://naturesseed.com/products/pasture-seeds/perennial-ryegrass,4
https://naturesseed.com/products/pasture-seeds/timothy/?attribute_pa_c2c_coverage_area=50-lbs-100000-sq-ft,https://naturesseed.com/products/pasture-seeds/timothy,4
https://naturesseed.com/products/planting-aids/rice-hull/?attribute_pa_c2c_coverage_area=5-lbs-500-1000-sq-ft-for-lawns,https://naturesseed.com/products/planting-aids/rice-hull,4
https://naturesseed.com/products/wildflower-seed/bush-monkeyflower/?variation_id=452655&attribute_size=1+lb+-+Covers+4%2C000+Sq+Ft,https://naturesseed.com/products/wildflower-seed/bush-monkeyflower,4
https://naturesseed.com/products/wildflower-seed/central-valley-pollinator-mix-xerces-society/?variation_id=452796&attribute_size=2+lb+-+10%2C000+Sq+Ft,https://naturesseed.com/products/wildflower-seed/central-valley-pollinator-mix-xerces-society,4
https://naturesseed.com/products/wildflower-seed/deer-resistant-wildflower-mix/?variation_id=446828&attribute_size=5+lb+-+Covers+10%2C000+Sq+Ft,https://naturesseed.com/products/wildflower-seed/deer-resistant-wildflower-mix,4
https://naturesseed.com/products/wildflower-seed/texas-native-wildflower-mix/?variation_id=462886&attribute_size=1+lb+-+Covers+2%2C000+Sq+Ft,https://naturesseed.com/products/wildflower-seed/texas-native-wildflower-mix,4
https://naturesseed.com/products/wildflower-seeds/annual-wildflower-mix/?attribute_pa_c2c_coverage_area=0-5-lbs-1000-sq-ft,https://naturesseed.com/products/wildflower-seeds/annual-wildflower-mix,4
https://naturesseed.com/product/bundle/pet-kid-friendly-fescue-lawn-bundle/?variation_id=452652&attribute_size=5+lb+-+Covers+1%2C000+Sq+Ft,https://naturesseed.com/product/bundle/pet-kid-friendly-fescue-lawn-bundle,3
https://naturesseed.com/products/pasture-seed/shade-mix-food-plot/?variation_id=455528&attribute_size=10+lb+-+Covers+2%2C000+Sq+Ft,https://naturesseed.com/products/pasture-seed/shade-mix-food-plot,3
https://naturesseed.com/product/alpaca-llama-pasture-forage-mix/?attribute_pa_c2c_coverage_area=50-lbs-100000-sq-ft,https://naturesseed.com/product/alpaca-llama-pasture-forage-mix,3
https://naturesseed.com/product/big-four-native-erosion-control-mix-2/?attribute_pa_c2c_coverage_area=10-lbs-20000-sq-ft,https://naturesseed.com/product/big-four-native-erosion-control-mix-2,3
https://naturesseed.com/product/sheep-pasture-forage-mix-transitional/?attribute_pa_c2c_coverage_area=20-lbs-40000-sq-ft,https://naturesseed.com/product/sheep-pasture-forage-mix-transitional,3
https://naturesseed.com/products/grass-seeds/blue-grama/?attribute_pa_c2c_coverage_area=25-lbs-50000-sq-ft,https://naturesseed.com/products/grass-seeds/blue-grama,3
https://naturesseed.com/products/pasture-seed/goat-pasture-forage-mix-cold-season/?variation_id=445863&attribute_size=20+lb+-+Covers+40%2C000+Sq+Ft,https://naturesseed.com/products/pasture-seed/goat-pasture-forage-mix-cold-season,3
https://naturesseed.com/products/pasture-seed/upland-game-mix/?variation_id=459582&attribute_pa_coverage-area=10-lbs-5000-sq-ft,https://naturesseed.com/products/pasture-seed/upland-game-mix,3
https://naturesseed.com/products/wildflower-seed/bush-monkeyflower/?variation_id=452654&attribute_size=0.5+lb+-+Covers+2%2C000+Sq+Ft,https://naturesseed.com/products/wildflower-seed/bush-monkeyflower,3
https://naturesseed.com/products/wildflower-seed/deer-resistant-wildflower-mix/?variation_id=446826&attribute_size=0.5+lb+-+Covers+1%2C000+Sq+Ft,https://naturesseed.com/products/wildflower-seed/deer-resistant-wildflower-mix,3
https://naturesseed.com/grass-seed/bermuda-grass/bermudagrass-seed-blend?attribute_pa_c2c_coverage_area=5-lb-1000-sq-ft,https://naturesseed.com/grass-seed/bermuda-grass/bermudagrass-seed-blend,3
https://naturesseed.com/product/bundle/pet-kid-friendly-fescue-lawn-bundle/?variation_id=452650&attribute_size=10+lb+-+Covers+2%2C000+Sq+Ft,https://naturesseed.com/product/bundle/pet-kid-friendly-fescue-lawn-bundle,3
https://naturesseed.com/product/cattle-dairy-cow-pasture-mix-for-warm-season/?attribute_pa_c2c_coverage_area=20-lbs-40000-sq-ft,https://naturesseed.com/product/cattle-dairy-cow-pasture-mix-for-warm-season,3
https://naturesseed.com/product/cattle-dairy-cow-pasture-mix-for-warm-season/?attribute_pa_c2c_coverage_area=50-lbs-100000-sq-ft,https://naturesseed.com/product/cattle-dairy-cow-pasture-mix-for-warm-season,3
https://naturesseed.com/product/goat-pasture-forage-mix-cold-season/?attribute_pa_c2c_coverage_area=50-lbs-100000-sq-ft,https://naturesseed.com/product/goat-pasture-forage-mix-cold-season,3
https://naturesseed.com/product/honey-bee-cover-crop-pasture-mix/?attribute_pa_c2c_coverage_area=5-lbs-10000-sq-ft,https://naturesseed.com/product/honey-bee-cover-crop-pasture-mix,3
https://naturesseed.com/product/horse-pasture-mix-transitional/?attribute_pa_c2c_coverage_area=10-lbs-20000-sq-ft,https://naturesseed.com/product/horse-pasture-mix-transitional,3
https://naturesseed.com/product/premium-pet-kid-friendly-bluegrass-bundle/?variation_id=452709&attribute_size=5+lb+-+Covers+1%2C000+Sq+Ft,https://naturesseed.com/product/premium-pet-kid-friendly-bluegrass-bundle,3
https://naturesseed.com/product/sheep-pasture-forage-mix-cold-season/?attribute_pa_c2c_coverage_area=50-lbs-100000-sq-ft,https://naturesseed.com/product/sheep-pasture-forage-mix-cold-season,3
https://naturesseed.com/products/?per_row=4&per_page=18&shop_view=grid&filter_uses=alternativelawn%2Ccovercrop%2Cgreenmanure&filter_native=introduced,https://naturesseed.com/products,3
https://naturesseed.com/products/california-seeds?per_row=3&shop_view=grid&shortcode=1,https://naturesseed.com/products/california-seeds,3
https://naturesseed.com/products/california-seeds?per_row=4&shop_view=grid&shortcode=1&filter_region_=pacificsouthwest&filter_seed_type=wildflowerseed&per_page=9&page=4,https://naturesseed.com/products/california-seeds,3
https://naturesseed.com/products/california-seeds?shortcode=1&per_page=18,https://naturesseed.com/products/california-seeds,3
https://naturesseed.com/products/grass-seed/perennial-ryegrass-seed-blend/?variation_id=445171&attribute_size=25+lb+-+Covers+5%2C000+Sq+Ft,https://naturesseed.com/products/grass-seed/perennial-ryegrass-seed-blend,3
https://naturesseed.com/products/grass-seeds/bermudagrass-seed-blend/?attribute_pa_c2c_coverage_area=5-lb-1000-sq-ft,https://naturesseed.com/products/grass-seeds/bermudagrass-seed-blend,3
https://naturesseed.com/products/grass-seeds/fine-fescue-grass-seed-mix/?attribute_pa_c2c_coverage_area=5-lb-1000-sq-ft,https://naturesseed.com/products/grass-seeds/fine-fescue-grass-seed-mix,3
https://naturesseed.com/products/grass-seeds/perennial-ryegrass-seed-blend/?attribute_pa_c2c_coverage_area=5-lb-1000-sq-ft,https://naturesseed.com/products/grass-seeds/perennial-ryegrass-seed-blend,3
https://naturesseed.com/products/page/3/?per_page=24&shop_view=grid&per_row=4,https://naturesseed.com/products/page/3,3
https://naturesseed.com/products/page/4/?per_page=18,https://naturesseed.com/products/page/4,3
https://naturesseed.com/products/page/5/?per_page=18,https://naturesseed.com/products/page/5,3
https://naturesseed.com/products/page/8/?per_row=2&per_page=9&shop_view=grid,https://naturesseed.com/products/page/8,3
https://naturesseed.com/products/pasture-seed/?_kx=rFjlN6hpYOwNHirSugd1smSvj_RbIA4AKqO2njTx2JU.H627hn&page=3,https://naturesseed.com/products/pasture-seed,3
https://naturesseed.com/products/pasture-seed/alfalfa/?variation_id=446603&attribute_size=25+lb+-+Covers+50%2C000+Sq+Ft,https://naturesseed.com/products/pasture-seed/alfalfa,3
https://naturesseed.com/products/pasture-seed/bahia-grass/?variation_id=445829&attribute_size=25+lb+-+Covers+50%2C000+Sq+Ft,https://naturesseed.com/products/pasture-seed/bahia-grass,3
https://naturesseed.com/products/pasture-seed/bermudagrass/?variation_id=446798&attribute_size=25+lb+-+Covers+50%2C000+Sq+Ft,https://naturesseed.com/products/pasture-seed/bermudagrass,3
https://naturesseed.com/products/pasture-seed/page/3/?page=5,https://naturesseed.com/products/pasture-seed/page/3,3
https://naturesseed.com/products/pasture-seed/pig-pasture-forage-mix/?variation_id=445831&attribute_size=20+lb+-+Covers+40%2C000+Sq+Ft,https://naturesseed.com/products/pasture-seed/pig-pasture-forage-mix,3
https://naturesseed.com/products/pasture-seed/switchgrass-seed/?variation_id=445499&attribute_size=25+lb+-+Covers+50%2C000+Sq+Ft,https://naturesseed.com/products/pasture-seed/switchgrass-seed,3
https://naturesseed.com/products/pasture-seeds/bahia-grass?attribute_pa_c2c_coverage_area=50-lbs-100000-sq-ft,https://naturesseed.com/products/pasture-seeds/bahia-grass,3
https://naturesseed.com/products/pasture-seeds/goat-pasture-forage-mix-warm-season/?attribute_pa_c2c_coverage_area=50-lbs-100000-sq-ft,https://naturesseed.com/products/pasture-seeds/goat-pasture-forage-mix-warm-season,3
https://naturesseed.com/products/pasture-seeds/orchardgrass/?attribute_pa_c2c_coverage_area=25-lbs-50000-sq-ft,https://naturesseed.com/products/pasture-seeds/orchardgrass,3
https://naturesseed.com/products/pasture-seeds/tortoise-forage-mix/?attribute_pa_c2c_coverage_area=4-lbs-4000-sq-ft,https://naturesseed.com/products/pasture-seeds/tortoise-forage-mix,3
https://naturesseed.com/products/specialty-seed/big-four-native-erosion-control-mix-2/?variation_id=445876&attribute_size=50+Lbs+-+100%2C000,https://naturesseed.com/products/specialty-seed/big-four-native-erosion-control-mix-2,3
https://naturesseed.com/products/specialty-seed/native-dryland-erosion-control-mix/?variation_id=447346&attribute_size=10+lb+-+Covers+20%2C000+Sq+Ft,https://naturesseed.com/products/specialty-seed/native-dryland-erosion-control-mix,3
https://naturesseed.com/products/wildflower-seed/?uses=82&page=3,https://naturesseed.com/products/wildflower-seed,3
https://naturesseed.com/products/wildflower-seed/annual-wildflower-mix/?variation_id=446830&attribute_size=0.5+lb+-+Covers+1%2C000+Sq+Ft,https://naturesseed.com/products/wildflower-seed/annual-wildflower-mix,3
https://naturesseed.com/products/wildflower-seed/arroyo-lupine/?variation_id=452813&attribute_size=0.25+lb+-+Covers+1%2C000+Sq+Ft,https://naturesseed.com/products/wildflower-seed/arroyo-lupine,3
https://naturesseed.com/products/wildflower-seed/california-bush-sunflower/?attribute_pa_c2c_coverage_area=1-lb-2000-sq-ft,https://naturesseed.com/products/wildflower-seed/california-bush-sunflower,3
https://naturesseed.com/products/wildflower-seed/california-native-wildflower-mix/?variation_id=446576&attribute_size=1+lb+-+Covers+2%2C000+Sq+Ft,https://naturesseed.com/products/wildflower-seed/california-native-wildflower-mix,3
https://naturesseed.com/products/wildflower-seed/coastal-sage-scrub-mix/?variation_id=452928&attribute_size=0.5+lb+-+Covers+2%2C000+Sq+Ft,https://naturesseed.com/products/wildflower-seed/coastal-sage-scrub-mix,3
https://naturesseed.com/products/wildflower-seed/coastal-sage-scrub-mix/?variation_id=452930&attribute_size=2+lb+-+Covers+8%2C000+Sq+Ft,https://naturesseed.com/products/wildflower-seed/coastal-sage-scrub-mix,3
https://naturesseed.com/products/wildflower-seed/purple-needlegrass/?variation_id=452880&attribute_size=0.5+lb+-+Covers+2%2C000+Sq+Ft,https://naturesseed.com/products/wildflower-seed/purple-needlegrass,3
https://naturesseed.com/products/wildflower-seed/rocky-mountain-wildflower-mix/?variation_id=446837&attribute_size=5+lb+-+Covers+10%2C000+Sq+Ft,https://naturesseed.com/products/wildflower-seed/rocky-mountain-wildflower-mix,3
https://naturesseed.com/products/wildflower-seeds/yellow-lupine/?attribute_size=0.25+lb+-+Covers+1%2C000+Sq+Ft,https://naturesseed.com/products/wildflower-seeds/yellow-lupine,3
https://naturesseed.com/products/grass-seed/fine-fescue-grass-seed-mix/?attribute_size=10+lb+-+Covers+2%2C000+Sq+Ft,https://naturesseed.com/products/grass-seed/fine-fescue-grass-seed-mix,2
https://naturesseed.com/products/pasture-seed/premium-irrigated-pasture-mix/?variation_id=459570&attribute_pa_coverage-area=10-lbs-5000-sq-ft,https://naturesseed.com/products/pasture-seed/premium-irrigated-pasture-mix,2
https://naturesseed.com/products/pasture-seed/upland-game-mix/?variation_id=459583&attribute_pa_coverage-area=20-lbs-10000-sq-ft,https://naturesseed.com/products/pasture-seed/upland-game-mix,2
https://naturesseed.com/products/pasture-seeds/perennial-ryegrass/?attribute_pa_c2c_coverage_area=5-lbs-10000-sq-ft,https://naturesseed.com/products/pasture-seeds/perennial-ryegrass,2
https://naturesseed.com/products/planting-aids/rice-hull/?attribute_pa_c2c_coverage_area=10-lbs-2000-sq-ft-for-larger-lawns-and-small-plots,https://naturesseed.com/products/planting-aids/rice-hull,2
https://naturesseed.com/products/wildflower-seed/blue-eyed-grass/?variation_id=452638&attribute_size=1+lb+-+Covers+8%2C000+Sq+Ft,https://naturesseed.com/products/wildflower-seed/blue-eyed-grass,2
https://naturesseed.com/pasture-seed/individual-pasture-species/alsike-clover/?attribute_pa_c2c_pounds=25lbs,https://naturesseed.com/pasture-seed/individual-pasture-species/alsike-clover,2
https://naturesseed.com/pasture-seed/individual-pasture-species/oats/?attribute_pa_c2c_pounds=1lb,https://naturesseed.com/pasture-seed/individual-pasture-species/oats,2
https://naturesseed.com/product/goat-pasture-forage-mix-cold-season/?attribute_pa_c2c_coverage_area=10-lbs-20000-sq-ft,https://naturesseed.com/product/goat-pasture-forage-mix-cold-season,2
https://naturesseed.com/product/honey-bee-cover-crop-pasture-mix/?attribute_pa_c2c_coverage_area=25-lbs-50000-sq-ft,https://naturesseed.com/product/honey-bee-cover-crop-pasture-mix,2
https://naturesseed.com/product/horse-pasture-mix-transitional/?attribute_pa_c2c_coverage_area=20-lbs-40000-sq-ft,https://naturesseed.com/product/horse-pasture-mix-transitional,2
https://naturesseed.com/product/pig-pasture-forage-mix/?attribute_pa_c2c_coverage_area=50-lbs-100000-sq-ft,https://naturesseed.com/product/pig-pasture-forage-mix,2
https://naturesseed.com/product/sheep-pasture-forage-mix-cold-season/?attribute_pa_c2c_coverage_area=10-lbs-20000-sq-ft,https://naturesseed.com/product/sheep-pasture-forage-mix-cold-season,2
https://naturesseed.com/product/sheep-pasture-forage-mix-cold-season/?attribute_pa_c2c_coverage_area=20-lbs-40000-sq-ft,https://naturesseed.com/product/sheep-pasture-forage-mix-cold-season,2
https://naturesseed.com/product/sheep-pasture-forage-mix-transitional/?attribute_pa_c2c_coverage_area=50-lbs-100000-sq-ft,https://naturesseed.com/product/sheep-pasture-forage-mix-transitional,2
https://naturesseed.com/product/switchgrass-seed/?attribute_pa_c2c_coverage_area=50-lbs-100000-sq-ft,https://naturesseed.com/product/switchgrass-seed,2
https://naturesseed.com/products/california-seeds?gad_source=1&gad_campaignid=22938462132&gbraid=0AAAAADqdhgK7EHImrS-iJQa09C4zzjw1O&gclid=CjwKCAiAz_DIBhBJEiwAVH2XwOl_mwXXMvPpGd-rqA5aWSpTpMbc2Rr1lzjilKjuvlrJLDGB0rw_gxoCVBsQAvD_BwE&page=4,https://naturesseed.com/products/california-seeds,2
"https://naturesseed.com/products/california-seeds?per_page=12&shortcode=1&filter_color=orange,white",https://naturesseed.com/products/california-seeds,2
"https://naturesseed.com/products/california-seeds?per_row=2&shop_view=grid&shortcode=1&filter_uses=native&filter_color=medium-purple,orange&per_page=24",https://naturesseed.com/products/california-seeds,2
https://naturesseed.com/products/california-seeds?per_row=2&shop_view=grid&shortcode=1&page=2,https://naturesseed.com/products/california-seeds,2
https://naturesseed.com/products/clover-seed/alsike-clover-seed/?variation_id=461578&attribute_size=10+lb+-+Covers+20%2C000+Sq+Ft,https://naturesseed.com/products/clover-seed/alsike-clover-seed,2
https://naturesseed.com/products/clover-seed/alsike-clover-seed/?variation_id=461579&attribute_size=25+lb+-+Covers+50%2C000+Sq+Ft,https://naturesseed.com/products/clover-seed/alsike-clover-seed,2
https://naturesseed.com/products/clover-seed/crimsom-clover-crop-seed/?variation_id=461573&attribute_size=25+lb+-+Covers+50%2C000+Sq+Ft,https://naturesseed.com/products/clover-seed/crimsom-clover-crop-seed,2
https://naturesseed.com/products/clover-seed/microclover/?variation_id=451061&attribute_size=2+lb+-+Covers+2%2C000+Sq+Ft,https://naturesseed.com/products/clover-seed/microclover,2
https://naturesseed.com/products/grass-seed/california-habitat-mix/?variation_id=445838&attribute_size=5+lb+-+Covers+20%2C000+Sq+Ft,https://naturesseed.com/products/grass-seed/california-habitat-mix,2
https://naturesseed.com/products/grass-seed/jimmys-blue-ribbon-premium-grass-seed-mix/?variation_id=445881&attribute_size=10+lb+-+Covers+2%2C000+Sq+Ft,https://naturesseed.com/products/grass-seed/jimmys-blue-ribbon-premium-grass-seed-mix,2
https://naturesseed.com/products/grass-seed/perennial-ryegrass-seed-blend/?variation_id=445902&attribute_size=10+lb+-+Covers+2%2C000+Sq+Ft,https://naturesseed.com/products/grass-seed/perennial-ryegrass-seed-blend,2
https://naturesseed.com/products/grass-seed/texas-native-lawn-mix/?variation_id=462891&attribute_size=5+lb+-+Covers+1%2C000+Sq+Ft,https://naturesseed.com/products/grass-seed/texas-native-lawn-mix,2
https://naturesseed.com/products/grass-seed/thingrass/?attribute_pa_c2c_coverage_area=2-lb-4000-sq-ft,https://naturesseed.com/products/grass-seed/thingrass,2
https://naturesseed.com/products/grass-seeds/bermudagrass-seed-blend/?attribute_pa_c2c_coverage_area=10-lb-2000-sq-ft,https://naturesseed.com/products/grass-seeds/bermudagrass-seed-blend,2
https://naturesseed.com/products/grass-seeds/perennial-ryegrass-seed-blend/?attribute_pa_c2c_coverage_area=10-lb-2000-sq-ft,https://naturesseed.com/products/grass-seeds/perennial-ryegrass-seed-blend,2
https://naturesseed.com/products/grass-seeds/sheep-fescue-grass/?attribute_pa_c2c_coverage_area=10-lbs-20000-sq-ft,https://naturesseed.com/products/grass-seeds/sheep-fescue-grass,2
https://naturesseed.com/products/grass-seeds/sheep-fescue-grass/?attribute_pa_c2c_coverage_area=25-lbs-50000-sq-ft,https://naturesseed.com/products/grass-seeds/sheep-fescue-grass,2
https://naturesseed.com/products/grass-seeds/twca-water-wise-northwest-mix/?attribute_pa_c2c_coverage_area=10-lb-2000-sq-ft,https://naturesseed.com/products/grass-seeds/twca-water-wise-northwest-mix,2
https://naturesseed.com/products/page/4/?per_page=12&shop_view=list,https://naturesseed.com/products/page/4,2
https://naturesseed.com/products/page/4/?per_page=9&shop_view=grid&per_row=2,https://naturesseed.com/products/page/4,2
https://naturesseed.com/products/pasture-seed/?page=4,https://naturesseed.com/products/pasture-seed,2
https://naturesseed.com/products/pasture-seed/?per_page=24&shop_view=grid&per_row=3&page=2,https://naturesseed.com/products/pasture-seed,2
https://naturesseed.com/products/pasture-seed/bahia-grass/?variation_id=445827&attribute_size=5+lb+-+Covers+20%2C000+Sq+Ft,https://naturesseed.com/products/pasture-seed/bahia-grass,2
https://naturesseed.com/products/pasture-seed/bermudagrass/?variation_id=446799&attribute_size=5+lb+-+Covers+20%2C000+Sq+Ft,https://naturesseed.com/products/pasture-seed/bermudagrass,2
https://naturesseed.com/products/pasture-seed/bermudagrass/?variation_id=446800&attribute_size=50+lb+-+Covers+100%2C000+Sq+Ft,https://naturesseed.com/products/pasture-seed/bermudagrass,2
https://naturesseed.com/products/pasture-seed/full-potential-food-plot/?variation_id=455519&attribute_size=50+lb+-+Covers+5%2C000+Sq+Ft,https://naturesseed.com/products/pasture-seed/full-potential-food-plot,2
https://naturesseed.com/products/pasture-seed/goat-pasture-forage-mix-warm-season/?variation_id=445277&attribute_size=50+lb+-+Covers+100%2C000+Sq+Ft,https://naturesseed.com/products/pasture-seed/goat-pasture-forage-mix-warm-season,2
https://naturesseed.com/products/pasture-seed/goat-pasture-forage-mix-warm-season/?variation_id=445865&attribute_size=20+lb+-+Covers+40%2C000+Sq+Ft,https://naturesseed.com/products/pasture-seed/goat-pasture-forage-mix-warm-season,2
https://naturesseed.com/products/pasture-seed/krunch-and-munch-food-plot/?variation_id=455524&attribute_size=10+lb+-+Covers+1%2C000+Sq+Ft,https://naturesseed.com/products/pasture-seed/krunch-and-munch-food-plot,2
https://naturesseed.com/products/pasture-seed/krunch-and-munch-food-plot/?variation_id=455526&attribute_size=50+lb+-+Covers+5%2C000+Sq+Ft,https://naturesseed.com/products/pasture-seed/krunch-and-munch-food-plot,2
https://naturesseed.com/products/pasture-seed/pig-pasture-forage-mix/?variation_id=445283&attribute_size=10+lb+-+Covers+20%2C000+Sq+Ft,https://naturesseed.com/products/pasture-seed/pig-pasture-forage-mix,2
https://naturesseed.com/products/pasture-seed/tortoise-forage-mix/?variation_id=446819&attribute_size=4+lb+-+Covers+8%2C000+Sq+Ft,https://naturesseed.com/products/pasture-seed/tortoise-forage-mix,2
https://naturesseed.com/products/pasture-seeds/alfalfa/?attribute_pa_c2c_coverage_area=25-lbs-50000-sq-ft,https://naturesseed.com/products/pasture-seeds/alfalfa,2
https://naturesseed.com/products/pasture-seeds/bahia-grass?attribute_pa_c2c_coverage_area=25-lbs-50000-sq-ft,https://naturesseed.com/products/pasture-seeds/bahia-grass,2
https://naturesseed.com/products/pasture-seeds/bahia-grass?attribute_pa_c2c_coverage_area=5-lbs-10000-sq-ft,https://naturesseed.com/products/pasture-seeds/bahia-grass,2
https://naturesseed.com/products/pasture-seeds/buffalograss/?attribute_pa_c2c_coverage_area=25-lbs-50000-sq-ft,https://naturesseed.com/products/pasture-seeds/buffalograss,2
https://naturesseed.com/products/pasture-seeds/perennial-ryegrass/?attribute_pa_c2c_coverage_area=25-lbs-50000-sq-ft,https://naturesseed.com/products/pasture-seeds/perennial-ryegrass,2
https://naturesseed.com/products/pasture-seeds/timothy/?attribute_pa_c2c_coverage_area=25-lbs-50000-sq-ft,https://naturesseed.com/products/pasture-seeds/timothy,2
https://naturesseed.com/products/specialty-seed/?add-to-cart=440337&page=3,https://naturesseed.com/products/specialty-seed,2
https://naturesseed.com/products/specialty-seed/?shop_view=list&page=4,https://naturesseed.com/products/specialty-seed,2
https://naturesseed.com/products/specialty-seed/california-fire-wise-mix/?variation_id=451077&attribute_size=20+lb+-+Covers+40%2C000+Sq+Ft,https://naturesseed.com/products/specialty-seed/california-fire-wise-mix,2
https://naturesseed.com/products/wildflower-seed/arroyo-lupine/?variation_id=452815&attribute_size=1+lb+-+Covers+4%2C000+Sq+Ft,https://naturesseed.com/products/wildflower-seed/arroyo-lupine,2
https://naturesseed.com/products/wildflower-seed/california-bush-sunflower/?variation_id=452908&attribute_size=0.25+lb+-+Covers+500+Sq+Ft,https://naturesseed.com/products/wildflower-seed/california-bush-sunflower,2
https://naturesseed.com/products/wildflower-seed/california-native-wildflower-mix/?variation_id=446575&attribute_size=5+lb+-+Covers+10%2C000+Sq+Ft,https://naturesseed.com/products/wildflower-seed/california-native-wildflower-mix,2
https://naturesseed.com/products/wildflower-seed/narrowleaf-milkweed/?variation_id=447437&attribute_size=0.25+lb+-+Covers+10%2C000+Sq+Ft,https://naturesseed.com/products/wildflower-seed/narrowleaf-milkweed,2
https://naturesseed.com/products/wildflower-seed/texas-pollinator-wildflower-mix/?variation_id=462888&attribute_size=0.5+lb+-+Covers+1%2C000+Sq+Ft,https://naturesseed.com/products/wildflower-seed/texas-pollinator-wildflower-mix,2
https://naturesseed.com/products/wildflower-seed/western-yarrow/?variation_id=452753&attribute_size=0.25+lb+-+Covers+1%2C000+Sq+Ft,https://naturesseed.com/products/wildflower-seed/western-yarrow,2
https://naturesseed.com/products/wildflower-seed/yellow-lupine/?variation_id=452774&attribute_size=0.5+lb+-+Covers+2%2C000+Sq+Ft,https://naturesseed.com/products/wildflower-seed/yellow-lupine,2
https://naturesseed.com/products/wildflower-seeds/california-native-wildflower-mix/?attribute_pa_c2c_coverage_area=5-lbs-10000-sq-ft-2,https://naturesseed.com/products/wildflower-seeds/california-native-wildflower-mix,2
https://naturesseed.com/specialty-seed/dryland-pasture-blends/south-atlantic-transitional-dryland-pasture-mix/?attribute_pa_c2c_coverage_area=1acre,https://naturesseed.com/specialty-seed/dryland-pasture-blends/south-atlantic-transitional-dryland-pasture-mix,2
https://naturesseed.com/products/grass-seeds/jimmys-blue-ribbon-premium-grass-seed-mix/?attribute_pa_c2c_coverage_area=10-lb-2000-sq-ft,https://naturesseed.com/products/grass-seeds/jimmys-blue-ribbon-premium-grass-seed-mix,1
https://naturesseed.com/products/pasture-seed/alpaca-llama-pasture-forage-mix/?variation_id=445910&attribute_size=10+lb+-+Covers+20%2C000+Sq+Ft,https://naturesseed.com/products/pasture-seed/alpaca-llama-pasture-forage-mix,1
https://naturesseed.com/products/wildflower-seeds/california-coastal-native-wildflower-mix/?attribute_pa_c2c_coverage_area=0-5-lbs-1000-sq-ft,https://naturesseed.com/products/wildflower-seeds/california-coastal-native-wildflower-mix,1
https://naturesseed.com/product/big-four-native-erosion-control-mix-2/?attribute_pa_c2c_coverage_area=20-lbs-40000-sq-ft,https://naturesseed.com/product/big-four-native-erosion-control-mix-2,1
https://naturesseed.com/product/bundle/pet-kid-friendly-fescue-lawn-bundle/?variation_id=452651&attribute_size=25+lb+-+Covers+5%2C000+Sq+Ft,https://naturesseed.com/product/bundle/pet-kid-friendly-fescue-lawn-bundle,1
https://naturesseed.com/product/cattle-dairy-cow-pasture-mix-for-warm-season/?attribute_pa_c2c_coverage_area=10-lbs-20000-sq-ft,https://naturesseed.com/product/cattle-dairy-cow-pasture-mix-for-warm-season,1
https://naturesseed.com/product/goat-pasture-forage-mix-cold-season/?attribute_pa_c2c_coverage_area=20-lbs-40000-sq-ft,https://naturesseed.com/product/goat-pasture-forage-mix-cold-season,1
https://naturesseed.com/product/pig-pasture-forage-mix/?attribute_pa_c2c_coverage_area=10-lbs-20000-sq-ft,https://naturesseed.com/product/pig-pasture-forage-mix,1
https://naturesseed.com/products/?per_page=18,https://naturesseed.com/products,1
https://naturesseed.com/products/?per_page=24&shop_view=list,https://naturesseed.com/products,1
https://naturesseed.com/products/?per_row=2&per_page=9&shop_view=grid,https://naturesseed.com/products,1
"https://naturesseed.com/products/california-seeds?per_page=12&shortcode=1&filter_color=orange,white&page=2",https://naturesseed.com/products/california-seeds,1
"https://naturesseed.com/products/california-seeds?per_page=9&shortcode=1&filter_color=orange,white&shop_view=grid&per_row=2",https://naturesseed.com/products/california-seeds,1
"https://naturesseed.com/products/california-seeds?per_row=3&shop_view=grid&shortcode=1&filter_uses=native&filter_color=medium-purple,orange&per_page=9&page=4",https://naturesseed.com/products/california-seeds,1
https://naturesseed.com/products/california-seeds?per_row=3&shop_view=grid&shortcode=1&page=2,https://naturesseed.com/products/california-seeds,1
https://naturesseed.com/products/california-seeds?per_row=3&shop_view=grid&shortcode=1&page=3,https://naturesseed.com/products/california-seeds,1
"https://naturesseed.com/products/california-seeds?per_row=4&shop_view=grid&shortcode=1&filter_uses=native&filter_color=medium-purple,orange&per_page=24",https://naturesseed.com/products/california-seeds,1
https://naturesseed.com/products/clover-seed/alsike-clover-seed/?variation_id=444282,https://naturesseed.com/products/clover-seed/alsike-clover-seed,1
https://naturesseed.com/products/clover-seed/crimsom-clover-crop-seed/?variation_id=461571&attribute_size=5+lb+-+Covers+10%2C000+Sq+Ft,https://naturesseed.com/products/clover-seed/crimsom-clover-crop-seed,1
https://naturesseed.com/products/grass-seed/northern-lawn/?per_page=12&shop_view=grid&per_row=3,https://naturesseed.com/products/grass-seed/northern-lawn,1
https://naturesseed.com/products/grass-seed/thingrass/?attribute_pa_c2c_coverage_area=10-lb-20000-sq-ft,https://naturesseed.com/products/grass-seed/thingrass,1
https://naturesseed.com/products/grass-seeds/bermudagrass-seed-blend/?attribute_pa_c2c_coverage_area=25-lb-5000-sq-ft,https://naturesseed.com/products/grass-seeds/bermudagrass-seed-blend,1
https://naturesseed.com/products/grass-seeds/blue-grama/?attribute_pa_c2c_coverage_area=50-lbs-100000-sq-ft,https://naturesseed.com/products/grass-seeds/blue-grama,1
https://naturesseed.com/products/grass-seeds/perennial-ryegrass-seed-blend/?attribute_pa_c2c_coverage_area=25-lb-5000-sq-ft,https://naturesseed.com/products/grass-seeds/perennial-ryegrass-seed-blend,1
https://naturesseed.com/products/grass-seeds/triblade-elite-fescue-lawn-mix/?attribute_pa_c2c_coverage_area=25-lb-5000-sq-ft,https://naturesseed.com/products/grass-seeds/triblade-elite-fescue-lawn-mix,1
https://naturesseed.com/products/grass-seeds/twca-water-wise-northwest-mix/?attribute_pa_c2c_coverage_area=25-lb-5000-sq-ft,https://naturesseed.com/products/grass-seeds/twca-water-wise-northwest-mix,1
https://naturesseed.com/products/grass-seeds/twca-water-wise-northwest-mix/?attribute_pa_c2c_coverage_area=5-lb-1000-sq-ft,https://naturesseed.com/products/grass-seeds/twca-water-wise-northwest-mix,1
https://naturesseed.com/products/page/10/?per_row=2&per_page=9&shop_view=grid,https://naturesseed.com/products/page/10,1
https://naturesseed.com/products/page/2/?per_page=9&filter_life_form=perennial&filter_uses=alternativelawn%2Ccovercrop%2Cgreenmanure&filter_region_=pacificnorthwest%2Csouthweststeppe%2Csouthwesttransitional&filter_native=introduced&shop_view=grid&per_row=4,https://naturesseed.com/products/page/2,1
https://naturesseed.com/products/page/3/?per_page=12,https://naturesseed.com/products/page/3,1
https://naturesseed.com/products/page/5/?per_page=9&shop_view=grid&per_row=3,https://naturesseed.com/products/page/5,1
https://naturesseed.com/products/page/5/?post_type=product&per_page=18,https://naturesseed.com/products/page/5,1
https://naturesseed.com/products/page/7/?per_page=12,https://naturesseed.com/products/page/7,1
https://naturesseed.com/products/page/9/?per_row=4&per_page=9&shop_view=grid,https://naturesseed.com/products/page/9,1
https://naturesseed.com/products/pasture-seed/?_kx=rFjlN6hpYOwNHirSugd1smSvj_RbIA4AKqO2njTx2JU.H627hn&page=5,https://naturesseed.com/products/pasture-seed,1
https://naturesseed.com/products/pasture-seed/alpaca-llama-pasture-forage-mix/?variation_id=445260&attribute_size=50+lb+-+Covers+100%2C000+Sq+Ft,https://naturesseed.com/products/pasture-seed/alpaca-llama-pasture-forage-mix,1
https://naturesseed.com/products/pasture-seed/cattle-dairy-cow-pasture-mix-for-warm-season/?variation_id=445871&attribute_size=10+lb+-+Covers+20%2C000+Sq+Ft,https://naturesseed.com/products/pasture-seed/cattle-dairy-cow-pasture-mix-for-warm-season,1
https://naturesseed.com/products/pasture-seed/full-potential-food-plot/?variation_id=455517&attribute_size=10+lb+-+Covers+1%2C000+Sq+Ft,https://naturesseed.com/products/pasture-seed/full-potential-food-plot,1
https://naturesseed.com/products/pasture-seed/full-potential-food-plot/?variation_id=455518&attribute_size=20+lb+-+Covers+2%2C000+Sq+Ft,https://naturesseed.com/products/pasture-seed/full-potential-food-plot,1
https://naturesseed.com/products/pasture-seed/goat-pasture-forage-mix-cold-season/?variation_id=445276&attribute_size=50+lb+-+Covers+100%2C000+Sq+Ft,https://naturesseed.com/products/pasture-seed/goat-pasture-forage-mix-cold-season,1
https://naturesseed.com/products/pasture-seed/goat-pasture-forage-mix-cold-season/?variation_id=445864&attribute_size=10+lb+-+Covers+20%2C000+Sq+Ft,https://naturesseed.com/products/pasture-seed/goat-pasture-forage-mix-cold-season,1
https://naturesseed.com/products/pasture-seed/goat-pasture-forage-mix-warm-season/?variation_id=445866&attribute_size=10+lb+-+Covers+20%2C000+Sq+Ft,https://naturesseed.com/products/pasture-seed/goat-pasture-forage-mix-warm-season,1
https://naturesseed.com/products/pasture-seed/goat-pastures-seed/?per_page=12&shop_view=grid&per_row=3,https://naturesseed.com/products/pasture-seed/goat-pastures-seed,1
https://naturesseed.com/products/pasture-seed/individual-pasture-species/?per_page=9&shop_view=grid&per_row=2,https://naturesseed.com/products/pasture-seed/individual-pasture-species,1
https://naturesseed.com/products/pasture-seed/individual-pasture-species/?per_row=4&per_page=9&shop_view=grid,https://naturesseed.com/products/pasture-seed/individual-pasture-species,1
https://naturesseed.com/products/pasture-seed/kentucky-bluegrass/?variation_id=446609&attribute_size=50+lb+-+Covers+100%2C000+Sq+Ft,https://naturesseed.com/products/pasture-seed/kentucky-bluegrass,1
https://naturesseed.com/products/pasture-seed/krunch-and-munch-food-plot/?variation_id=455525&attribute_size=20+lb+-+Covers+2%2C000+Sq+Ft,https://naturesseed.com/products/pasture-seed/krunch-and-munch-food-plot,1
https://naturesseed.com/products/pasture-seed/mustard-biofumigant-blend-cover-crop-seed-mix/?variation_id=459561&attribute_pa_coverage-area=20-lbs-10000-sq-ft,https://naturesseed.com/products/pasture-seed/mustard-biofumigant-blend-cover-crop-seed-mix,1
https://naturesseed.com/products/pasture-seed/native-cabin-grass-mix/?variation_id=459809&attribute_pa_coverage-area=25-lbs-50000-sq-ft,https://naturesseed.com/products/pasture-seed/native-cabin-grass-mix,1
https://naturesseed.com/products/pasture-seed/northern-pastures-seed/page/2/?shop_view=grid&per_row=2,https://naturesseed.com/products/pasture-seed/northern-pastures-seed/page/2,1
https://naturesseed.com/products/pasture-seed/plains-prairie-mix/?variation_id=455452&attribute_size=4+lb+-+Covers+800+Sq+Ft,https://naturesseed.com/products/pasture-seed/plains-prairie-mix,1
https://naturesseed.com/products/pasture-seed/sandhills-prairie-mix/?variation_id=455933&attribute_size=5+lb+-+Covers+25%2C000+Sq+Ft,https://naturesseed.com/products/pasture-seed/sandhills-prairie-mix,1
https://naturesseed.com/products/pasture-seed/sandhills-prairie-mix/?variation_id=455934&attribute_size=10+lb+-+Covers+50%2C000+Sq+Ft,https://naturesseed.com/products/pasture-seed/sandhills-prairie-mix,1
https://naturesseed.com/products/pasture-seed/sandhills-prairie-mix/?variation_id=455935&attribute_size=20+lb+-+Covers+100%2C000+Sq+Ft,https://naturesseed.com/products/pasture-seed/sandhills-prairie-mix,1
https://naturesseed.com/products/pasture-seeds/common-buckwheat/?attribute_pa_c2c_coverage_area=50-lbs-100000-sq-ft,https://naturesseed.com/products/pasture-seeds/common-buckwheat,1
https://naturesseed.com/products/pasture-seeds/kentucky-bluegrass/?attribute_pa_c2c_coverage_area=25-lbs-50000-sq-ft,https://naturesseed.com/products/pasture-seeds/kentucky-bluegrass,1
https://naturesseed.com/products/planting-aids/?per_page=9&filter_region_=intermountainwest%2Cmidwest_mid_atlantic&shop_view=grid&per_row=4,https://naturesseed.com/products/planting-aids,1
https://naturesseed.com/products/planting-aids/?per_row=3&per_page=9&shop_view=grid&filter_region_=intermountainwest%2Cmidwest_mid_atlantic,https://naturesseed.com/products/planting-aids,1
https://naturesseed.com/products/planting-aids/rice-hull/?variation_id=450362&attribute_pa_coverage-area=45-lbs-18000-sq-ft,https://naturesseed.com/products/planting-aids/rice-hull,1
https://naturesseed.com/products/specialty-seed/?add-to-cart=440343&page=4,https://naturesseed.com/products/specialty-seed,1
https://naturesseed.com/products/specialty-seed/california-native-erosion-control-mix/?variation_id=447444&attribute_size=25+Lbs+-+40%2C000+Sq+Ft,https://naturesseed.com/products/specialty-seed/california-native-erosion-control-mix,1
https://naturesseed.com/products/specialty-seed/native-dryland-erosion-control-mix/?variation_id=447347&attribute_size=20+lb+-+Covers+40%2C000+Sq+Ft,https://naturesseed.com/products/specialty-seed/native-dryland-erosion-control-mix,1
https://naturesseed.com/products/specialty-seed/native-dryland-erosion-control-mix/?variation_id=447348&attribute_size=50+lb+-+Covers+100%2C000+Sq+Ft,https://naturesseed.com/products/specialty-seed/native-dryland-erosion-control-mix,1
https://naturesseed.com/products/wildflower-seed/annual-wildflower-mix/?variation_id=446832&attribute_size=5+lb+-+Covers+5%2C000+Sq+Ft,https://naturesseed.com/products/wildflower-seed/annual-wildflower-mix,1
https://naturesseed.com/products/wildflower-seed/arroyo-lupine/?variation_id=452814&attribute_size=0.5+lb+-+Covers+2%2C000+Sq+Ft,https://naturesseed.com/products/wildflower-seed/arroyo-lupine,1
https://naturesseed.com/products/wildflower-seed/blue-eyed-grass/?variation_id=452636&attribute_size=0.25+lb+-+Covers+2%2C000+Sq+Ft,https://naturesseed.com/products/wildflower-seed/blue-eyed-grass,1
https://naturesseed.com/products/wildflower-seed/blue-eyed-grass/?variation_id=452637&attribute_size=0.5+lb+-+Covers+4%2C000+Sq+Ft,https://naturesseed.com/products/wildflower-seed/blue-eyed-grass,1
https://naturesseed.com/products/wildflower-seed/california-bush-sunflower/?variation_id=452910&attribute_size=1+lb+-+Covers+2%2C000+Sq+Ft,https://naturesseed.com/products/wildflower-seed/california-bush-sunflower,1
https://naturesseed.com/products/wildflower-seed/california-coastal-native-wildflower-mix/?variation_id=446579&attribute_size=5+lb+-+Covers+10%2C000+Sq+Ft,https://naturesseed.com/products/wildflower-seed/california-coastal-native-wildflower-mix,1
https://naturesseed.com/products/wildflower-seed/central-valley-pollinator-mix-xerces-society/?variation_id=452795&attribute_size=1+lb+-+5%2C000+Sq+Ft,https://naturesseed.com/products/wildflower-seed/central-valley-pollinator-mix-xerces-society,1
https://naturesseed.com/products/wildflower-seed/chaparral-sage-scrub-mix/?variation_id=452950&attribute_size=0.5+lb+-+Covers+1%2C000+Sq+Ft,https://naturesseed.com/products/wildflower-seed/chaparral-sage-scrub-mix,1
https://naturesseed.com/products/wildflower-seed/golden-yarrow/?variation_id=452806&attribute_size=0.5+lb+-+Covers+2%2C000+Sq+Ft,https://naturesseed.com/products/wildflower-seed/golden-yarrow,1
https://naturesseed.com/products/wildflower-seed/golden-yarrow/?variation_id=452807&attribute_size=1+lb+-+Covers+4%2C000+Sq+Ft,https://naturesseed.com/products/wildflower-seed/golden-yarrow,1
https://naturesseed.com/products/wildflower-seed/miniature-lupine/?variation_id=452617&attribute_size=1+lb+-+Covers+4%2C000+Sq+Ft,https://naturesseed.com/products/wildflower-seed/miniature-lupine,1
https://naturesseed.com/products/wildflower-seed/miniature-lupine/?variation_id=452618&attribute_size=0.25+lb+-+Covers+1%2C000+Sq+Ft,https://naturesseed.com/products/wildflower-seed/miniature-lupine,1
https://naturesseed.com/products/wildflower-seed/texas-pollinator-wildflower-mix/?variation_id=462890&attribute_size=5+lb+-+Covers+10%2C000+Sq+Ft,https://naturesseed.com/products/wildflower-seed/texas-pollinator-wildflower-mix,1
https://naturesseed.com/products/wildflower-seed/western-yarrow/?variation_id=452755&attribute_size=1+lb+-+Covers+4%2C000+Sq+Ft,https://naturesseed.com/products/wildflower-seed/western-yarrow,1
https://naturesseed.com/products/wildflower-seed/white-sage/?variation_id=452901&attribute_size=0.25+lb+-+Covers+1%2C000+Sq+Ft,https://naturesseed.com/products/wildflower-seed/white-sage,1
https://naturesseed.com/products/wildflower-seeds/california-native-wildflower-mix/?attribute_pa_c2c_coverage_area=0-5-lbs-1000-sq-ft,https://naturesseed.com/products/wildflower-seeds/california-native-wildflower-mix,1
https://naturesseed.com/products/wildflower-seeds/california-native-wildflower-mix/?attribute_pa_c2c_coverage_area=1-lb-2000-sq-ft,https://naturesseed.com/products/wildflower-seeds/california-native-wildflower-mix,1
https://naturesseed.com/products/wildflower-seeds/deer-resistant-wildflower-mix/?attribute_pa_c2c_coverage_area=1-lb-2000-sq-ft,https://naturesseed.com/products/wildflower-seeds/deer-resistant-wildflower-mix,1
https://naturesseed.com/products/wildflower-seeds/deer-resistant-wildflower-mix/?attribute_pa_c2c_coverage_area=5-lbs-10000-sq-ft-2,https://naturesseed.com/products/wildflower-seeds/deer-resistant-wildflower-mix,1
https://naturesseed.com/products/wildflower-seeds/rocky-mountain-wildflower-mix/?attribute_pa_c2c_coverage_area=0-5-lbs-1000-sq-ft,https://naturesseed.com/products/wildflower-seeds/rocky-mountain-wildflower-mix,1
https://naturesseed.com/products/wildflower-seeds/rocky-mountain-wildflower-mix/?attribute_pa_c2c_coverage_area=1-lb-2000-sq-ft,https://naturesseed.com/products/wildflower-seeds/rocky-mountain-wildflower-mix,1
https://naturesseed.com/products/wildflower-seeds/rocky-mountain-wildflower-mix/?attribute_pa_c2c_coverage_area=5-lbs-10000-sq-ft-2,https://naturesseed.com/products/wildflower-seeds/rocky-mountain-wildflower-mix,1
https://naturesseed.com/wildflower-seed/individual-wildflower-species/coastal-california-poppy/?attribute_pa_c2c_pounds=1lb,https://naturesseed.com/wildflower-seed/individual-wildflower-species/coastal-california-poppy,1
